false,1212,PFeaCY,6,1999-11-03
false,905,RsKeOJ,14,1998-03-15
false,1669,VokqcP,18,1994-07-09
true,1632,nxeEhs,7,1999-01-28
false,388,mgalcH,18,1992-05-06
false,1774,UclMxl,17,1995-09-04
false,1389,DnUMkO,9,1998-07-31
true,1022,CfbgZr,16,1992-12-17
false,1767,zGYCtl,10,2000-06-28
false,507,gFAFwa,19,1993-02-01
true,858,PUzyDh,12,1994-11-29
false,232,qVQzgb,5,1991-06-16
false,1750,yuwZDF,13,1993-03-03
false,1043,PsemYH,22,1993-02-14
false,217,wWXlpN,4,2000-12-11
false,117,HfaXbX,20,2000-06-15
true,375,mpxciL,13,1998-01-27
false,1991,fkHdOd,3,1997-10-24
true,1786,zwDmMA,12,1990-09-15
true,440,pkbutt,7,1999-03-31
true,336,bWVFOn,3,1998-06-06
true,1242,oDVjkF,6,1999-05-10
true,1096,zgJPfU,14,1999-02-07
false,127,JEgBGy,22,1991-01-07
false,1712,aROfxw,14,1998-08-15
false,639,WncrOi,10,1992-07-29
false,127,hKMeHU,21,1999-04-10
false,1573,pJGWcz,10,1999-05-27
true,1812,mZCKYx,12,1994-07-30
false,1203,ASchdO,24,1996-01-17
true,401,wGTYRQ,1,1995-03-20
false,596,BZOlxQ,20,2000-11-25
true,1651,pPjQis,4,1996-10-17
false,684,xBjYsO,6,1996-05-08
false,1282,nOpzup,6,1996-12-21
true,1882,ufgWyZ,1,1993-01-21
true,1338,XEYqYk,13,1996-04-01
true,319,nmTDlt,24,1995-08-08
false,872,meEUHU,24,1996-10-28
true,1462,XPbfCo,18,1994-07-10
false,1328,EGUIaO,18,1998-02-22
true,1290,fexiYN,21,1991-10-31
false,1643,rrXrMU,11,1997-07-16
true,1693,QYIGVc,23,2000-11-15
true,1546,kNpcNv,17,1999-06-13
true,781,ZYOxPs,18,1993-06-18
true,140,wslegI,3,1994-05-28
false,608,NMvSnU,4,1994-07-25
true,1207,XsTJUA,13,1999-06-24
false,1248,gaBJTZ,11,1999-03-19
true,1871,KFHTGs,17,1998-02-13
false,1318,LWhkfy,9,2000-05-22
true,1269,ItYNOD,11,1998-08-11
false,559,CJdpVY,17,1995-10-15
false,210,rUUecS,6,1992-03-22
true,1256,udvWSS,7,1998-08-23
false,1693,dWyyuG,6,1999-02-08
true,1933,aJbpef,3,1992-04-12
false,244,NRQdQK,9,2000-09-13
true,1709,KsuZFu,11,1994-07-18
true,1406,AcrDqr,19,1996-12-25
false,1535,LYabLb,10,1990-08-27
false,1671,ENUhPl,8,2000-03-26
false,1897,hxmzPT,4,1998-01-23
false,1913,CTjnal,2,1995-02-12
true,1117,HFvpZs,18,1991-06-30
true,542,PQzJaR,18,1992-01-12
false,931,eGYxMM,16,1996-04-23
true,1440,rFRBkJ,4,1996-11-03
false,741,PIvXHs,7,1994-06-16
true,1374,bOCZaL,10,1995-12-16
false,277,XWIVby,4,1998-03-14
true,306,fFVVUx,22,1993-03-17
false,370,FYkOVJ,21,1996-12-12
false,859,IoNEGE,2,1994-03-24
true,438,ImMbAi,24,1998-06-21
false,1709,exgJYG,5,1991-03-08
false,1697,hyWOyb,1,1996-07-22
false,983,XuMMOt,21,1999-12-22
false,957,mBpRyY,21,2000-12-13
false,1919,OLyIlx,1,1999-02-11
false,638,FnstdD,19,1997-04-11
true,1808,pWQVWs,23,1999-06-02
false,352,gfZDOb,24,1999-01-15
true,1458,nsXhkA,12,1992-05-08
true,1094,vCethm,15,1992-04-14
true,1103,PFOmSU,14,1995-03-14
false,329,WCPEGE,2,1998-03-02
true,910,uoRyGF,21,1995-11-07
false,327,QUZwlw,3,1998-09-21
false,1853,SUaSfH,8,1997-05-22
false,265,WiYcpK,12,1998-04-24
false,557,fGefnR,24,1993-06-24
true,131,baxXVn,17,1991-03-09
false,802,koagzx,1,1995-10-21
true,605,yOqGtv,20,2000-05-14
false,1936,YIXPRQ,16,1999-11-14
false,534,grBktI,8,1996-08-16
true,1297,odpCAT,7,1990-04-04
false,1150,EpZcvV,9,1996-04-03
false,426,XYctOj,11,1995-07-23
false,1625,NKJAHv,4,1995-01-13
true,1999,GtjtGZ,1,1997-10-16
true,487,gcUdYu,11,1990-08-02
true,1591,QDWybW,4,1990-07-04
false,1041,AhVNbu,17,2000-02-20
false,1166,qVJZDZ,8,2000-04-22
false,1715,ylzRnf,19,2000-07-31
true,1689,mZxRVW,17,2000-10-12
false,1824,esLiaJ,23,1999-05-24
true,952,npDxNw,10,1996-01-24
true,756,hpJMJa,7,1991-07-27
true,876,yImSzM,7,1997-12-01
true,848,zMibWy,20,1994-06-08
true,1648,ZdZugb,6,1991-01-15
true,1900,auIYuX,24,1992-01-03
true,620,DpScuy,14,1995-10-04
true,1666,mwvUOV,17,1995-09-11
true,796,cTYaUV,21,1998-03-26
true,1691,bFgoSM,2,1997-06-25
true,1164,OAQOUC,11,1994-03-17
true,660,fdLqzM,23,1999-10-17
false,1014,YtwHRk,13,1995-07-31
false,1793,qooNPr,24,2000-12-29
true,1956,VmtnxU,13,1994-01-12
true,1471,FRJfTb,17,1996-02-26
true,489,tDHqVD,17,1991-10-20
false,963,YBjvqm,24,1996-02-20
true,178,tIHRpC,17,1990-01-17
true,1000,YFLpSp,19,1990-12-21
true,878,hDfMzc,16,1990-07-21
false,858,IViqsR,13,2000-07-17
true,856,oJqneH,2,1992-05-06
false,855,JxIiGU,12,2000-02-02
true,1174,UZCPBP,22,1993-06-12
true,324,bKIhHv,9,1993-05-08
true,1053,vCgxRY,16,1995-05-27
false,1093,azwvNK,12,1991-03-17
false,1293,NNnytr,13,1998-01-01
true,966,nfirvd,23,1996-07-28
false,1691,meKTgD,22,1994-05-05
true,1828,iytHht,16,1990-04-09
false,793,QCPwaQ,14,1993-11-09
true,1607,GkBJgw,23,1996-05-10
false,1278,Dpyybp,6,1993-09-29
false,928,FtJoAF,17,1991-06-15
false,633,FsOkCV,21,2000-12-20
true,451,CbRmSz,5,1992-01-20
false,833,QjhlqL,7,1994-12-04
false,527,IngaSV,15,1994-06-09
true,974,WkWCFI,8,1991-10-30
false,308,XCwLir,10,1993-12-06
true,1907,IYumpK,2,1990-03-03
true,1437,KiuXFD,12,1990-01-07
true,830,KmnhVR,17,1995-08-16
false,1532,NqcsUx,14,1996-06-20
false,1663,hOHjpD,17,1994-04-12
false,776,WAwWOb,12,1991-03-25
true,1098,DhKtdB,8,1998-10-10
false,1246,OLHACN,16,1996-09-29
true,276,MUOWrX,8,1993-04-12
true,1687,NOBHUR,21,1993-03-31
true,590,SKzOfd,7,1995-11-26
true,1251,GfKFEz,12,1993-09-20
true,1297,bpVyOI,17,1996-09-28
false,1504,DvpQuv,9,1995-02-22
false,1038,aCmsEA,23,1993-02-28
true,202,ingEYL,1,1992-07-01
false,1042,iuOnJl,1,1997-12-01
true,736,UOhXjQ,24,1995-06-21
true,1581,QImaAU,7,1991-05-22
true,1997,KdMzWL,10,1996-02-02
false,1223,UYgjil,16,1993-10-15
true,523,xROZRi,7,1993-07-03
false,1031,ZOUNlC,14,1997-07-27
true,940,sfMyse,16,1996-11-04
false,149,eCAuob,15,1998-01-12
true,862,OuPGfC,21,1999-04-06
true,663,RytRGT,4,1991-01-01
false,227,mITbuX,21,1991-12-31
true,1484,Iwllzq,5,1997-05-31
false,728,dYhccq,19,1994-09-05
true,1462,UWVcuw,4,1991-05-07
false,993,ENTRni,10,1993-02-08
true,1072,WFAOET,22,1990-03-15
true,1139,TPsBNP,14,1991-10-05
true,416,SrUXYJ,5,2000-08-30
false,490,UySChV,18,2000-06-12
true,318,tkHRca,6,2000-03-08
true,303,PBbDOL,6,1996-09-07
false,423,TNvKOW,23,1992-11-10
false,788,fkjJhI,24,2000-05-22
true,441,EgpWQJ,20,1998-12-03
false,1134,dhhFqW,19,1999-07-04
true,601,GXmnZB,3,1998-06-12
false,1984,lcPytm,15,1994-06-08
false,466,zBBKGz,23,1990-10-07
false,1339,tFpWwg,14,1999-02-10
true,585,eveIKb,9,1997-12-06
false,149,avYNwK,1,1995-04-31
false,417,cjBVSF,12,1997-06-19
true,1488,gdFCMj,22,1999-01-12
false,1425,Uowqqi,20,1996-04-18
false,666,PhsSrl,3,1998-02-10
true,1911,ChQEWl,19,1990-10-28
false,712,WqZGHU,21,1998-09-13
true,1263,zDywqD,17,1996-10-26
true,202,wgxPnf,19,1998-12-17
false,813,WgFqQZ,21,2000-02-26
true,664,SNHncF,17,1992-03-11
true,1087,uVnasg,10,1997-08-21
false,1145,GAAfAf,15,1992-08-03
false,1569,JnrlSg,7,1997-01-15
false,848,JYBjHI,5,2000-10-05
false,952,IOCmAx,24,1994-11-05
true,390,vpvJfy,9,1999-09-11
true,1682,HCpkbh,12,1996-01-31
true,1441,EtdydN,15,1999-08-27
false,839,kQYgFo,3,1994-07-24
false,1685,mRdQjG,11,1995-12-26
true,733,qgxTre,24,1998-08-29
true,225,WSSJor,17,1998-11-01
true,700,ZuXkdj,21,1996-05-12
false,1051,OuSMqG,21,1996-12-28
false,1750,VEcTJs,23,1994-02-01
true,1088,XAwoaF,21,1995-04-13
false,1273,QrXFRX,6,1997-03-04
true,1363,HTqaPl,24,2000-10-12
true,1806,wkVydm,23,1999-10-24
true,422,cTnlCb,21,1994-05-30
true,1176,eYKPKk,4,1996-03-27
false,1616,ZIcAct,23,1991-09-29
false,1809,oCrwPQ,23,1999-01-06
true,303,zQDCis,10,1991-03-08
true,1056,uRGcdA,5,1993-06-01
false,1076,PDRbty,23,1995-04-02
false,1456,wIRvty,6,1997-05-23
false,1299,mTnfIH,12,1998-12-07
false,811,UQAkEL,6,1991-04-09
true,776,IHzluO,16,1996-04-06
true,1902,BzZdoV,18,2000-04-25
false,747,kvoncj,5,1990-06-26
false,1490,nfOpxD,8,1999-05-06
false,281,BcroBR,6,1992-07-22
false,829,wtULjw,14,1999-06-22
false,1812,maxuJX,22,2000-10-04
true,1247,SYbtTA,2,1991-07-02
true,1834,CqMfSV,12,1998-08-24
true,418,yTKkbg,7,1991-09-23
true,1673,ZCgslt,17,1990-02-26
false,1035,DnkyHy,6,1996-01-03
true,1515,eDGbHP,22,1991-10-23
false,1899,cxuXMx,3,1991-09-14
false,729,MboDdX,3,1994-10-28
false,570,qyeVGl,4,1993-12-07
true,1568,AOzDOQ,22,1993-10-30
true,1255,MHyLxr,6,2000-10-05
true,1175,lFmogy,8,2000-07-30
false,100,cIhWHF,20,1994-06-04
false,1553,fJDspA,1,1999-12-18
false,1743,fZvIlF,5,1992-04-05
false,251,JxwrOm,8,1990-02-28
false,480,zTXWIw,8,1996-07-01
true,227,AGPoCK,8,1999-04-02
true,324,LbnPnP,7,1996-09-01
false,102,aESkrf,13,1990-02-26
false,892,GxLSPe,13,1997-06-06
true,219,bfByQk,21,1994-04-29
false,1955,ZVvnFm,8,1995-09-25
true,203,fQWDFd,21,1991-01-18
true,1178,PFbpdk,20,1992-05-07
false,1204,BfTLoo,4,1996-11-22
true,1535,HuKxor,14,1994-09-28
false,1180,dCTzBq,21,1990-12-13
false,756,YvDOWL,8,1996-05-06
false,717,rEJUHV,15,1993-09-06
true,1643,JqnQmZ,23,2000-09-26
false,1104,cvTKYV,9,1993-12-02
true,1015,OJMZCm,1,1990-10-23
false,1287,BkZewO,11,1996-03-24
true,247,yRhpTo,12,1994-10-27
true,1133,empHHK,2,1997-12-09
false,1640,khclvj,4,1994-05-20
true,154,doSaQN,18,2000-10-13
true,379,bTFAKO,13,2000-05-28
false,113,EWyPaF,1,2000-12-05
true,290,eoIpLy,11,1996-03-06
false,473,TdWILz,10,1994-01-07
true,1750,ZDsQrt,14,1990-04-27
true,1736,ASCeIX,6,1993-11-10
true,1924,nvhpRS,24,1998-08-11
false,502,cbQAAC,24,1996-06-14
true,1664,gNTMEB,5,1994-06-14
false,1232,kJjolh,7,1990-06-26
false,1528,dIvnmm,23,1997-11-31
false,913,kxqwmA,11,2000-07-05
false,405,DIqqDI,15,1993-04-24
false,1144,LbUXfm,10,1998-09-29
true,1613,VECFcs,7,1994-02-14
false,207,kZgbDh,8,1995-04-28
false,505,XXCTFc,21,2000-08-11
false,697,ieYbFS,14,1991-10-07
false,914,oMGfRC,5,2000-06-15
true,745,agGhfN,2,1995-09-28
false,744,lNlDCe,12,1991-04-31
false,1737,XgbmiK,17,1996-10-05
true,942,lGfZWq,18,1996-01-23
true,1938,kEKuyN,11,1999-11-10
false,1634,AJoBXw,2,1995-03-10
true,249,TapBWk,8,1999-12-27
false,449,XXutGU,9,1999-04-13
false,1275,iOkvPF,1,1992-06-25
false,1718,XLzKRM,9,2000-08-03
false,688,LVbJsa,24,1998-03-31
true,1463,olBfBw,13,1992-01-05
true,852,HSQkBn,15,1993-03-01
true,1036,mYvmEF,12,1999-04-06
false,261,KeJiBO,5,1997-09-24
true,449,NGYDhW,8,1994-09-09
true,1853,xMmYiS,5,1999-07-11
false,1623,iYQyGp,18,1990-06-02
true,1764,HhXWiL,16,1998-01-19
false,811,dFYxdK,6,1992-06-02
false,1952,pycJDT,18,2000-05-02
false,1798,nKXbbb,11,1996-09-14
true,217,FWYYTQ,19,1996-01-21
true,645,YWCdMB,11,1994-08-15
true,1422,GNlKSM,23,1990-03-29
true,1471,pxHRcm,18,1997-03-06
false,318,bnpLng,3,1998-02-19
false,1661,onvByM,15,1999-08-13
true,1842,pcnqkT,5,1991-01-28
false,1530,oauYZt,19,1996-06-18
true,1701,aHaDsu,12,1990-05-12
false,480,lDAmsR,18,1994-09-01
false,112,fwmhGD,7,1992-04-16
true,480,kxsxgr,5,2000-04-26
false,1920,UICPxD,18,1991-08-06
true,591,MGdhWe,6,1990-10-28
true,869,QbSjzF,13,1998-04-02
false,337,tjIUcc,2,1996-04-08
false,353,ZwlXnx,23,1996-08-07
false,1737,ABCAGG,1,1990-01-15
true,1942,LkScFF,3,1991-06-22
false,1681,denkzL,24,1990-11-21
true,1396,hYgXAe,6,1995-02-15
true,1204,pOpbMt,23,1992-10-06
false,849,YeTIwF,15,1993-10-01
false,1643,EPZtMi,10,1995-04-11
false,310,TkaQub,16,2000-11-03
false,1511,GUAnhD,20,1997-10-24
false,1826,KfCSPi,22,1990-12-12
false,961,PzkAta,11,1993-04-25
false,211,GdJKTv,7,1998-11-27
false,1299,MurJim,23,1991-05-28
false,426,ODmPFF,14,1994-12-07
false,1245,vBtzuf,17,1995-11-24
false,867,VKOaTO,7,1990-02-04
false,1785,AclPAA,9,1997-07-30
true,1280,FUOYVr,3,1998-07-26
true,345,vQGFDU,18,1995-11-29
false,907,ymgxvL,2,1998-03-04
true,1463,MzIFDx,19,1993-07-16
true,1854,WjhzIe,17,1992-01-17
true,1992,jRbBGg,9,1998-12-25
true,1060,RGokdJ,13,1998-09-01
true,1816,lVzGRm,20,1994-04-06
false,1141,wQDRNX,5,1998-12-19
false,1697,GgzZur,14,1999-12-08
true,436,ywJwLX,5,2000-12-14
false,247,FVDksq,9,1990-12-13
true,1103,GwhIuo,17,1999-10-05
true,1691,SZkftY,18,1992-01-08
false,973,cRtbLy,6,1994-09-16
false,1522,OqBvCr,18,1995-07-15
true,1880,OHOPYZ,18,2000-06-14
true,1078,GWKKQk,17,1990-08-23
false,1928,IyKUhm,3,1997-10-18
false,1344,ZUUaxR,1,1995-03-30
true,1119,QGiHLL,5,1995-04-24
false,648,lmUrts,21,1998-11-31
true,1773,ORUSIK,16,1999-11-28
true,764,nDiNve,10,1994-08-23
true,516,ZWMudb,12,1996-04-12
true,1618,CZtbJV,10,1996-04-08
true,1907,AqTbuJ,15,1999-12-19
true,185,YwNyOe,1,1995-05-25
false,1696,MtVGyW,20,1997-05-07
true,1696,VMSRZP,22,1996-11-25
false,1511,phitAS,22,1996-04-31
true,1650,vXsluD,1,1998-05-07
true,911,EfVmGX,21,1993-08-03
false,964,hYbDtI,19,1992-07-20
true,634,IFvIpb,5,1999-10-17
true,472,quzVRx,8,1993-05-08
true,768,rUvoYE,2,1999-10-29
false,1725,YYeBNj,9,1997-03-03
false,666,GhcPcQ,22,1997-12-23
false,1695,BedCdW,24,1993-11-18
false,1092,YByLPW,5,1994-05-22
true,1686,jdyElt,3,1991-02-07
true,1240,vAcqLK,18,1993-09-24
true,511,mJFthG,12,1998-12-16
true,510,vqTcHl,15,1993-11-14
false,308,KfswTm,18,1993-11-12
true,1596,vemjAd,1,1994-04-26
true,168,FRivnk,8,2000-09-25
false,1363,WMmVFr,2,1997-10-11
false,1022,iyxVyN,8,1991-01-24
true,1067,vumzVq,13,1990-04-08
true,127,GIfWoI,13,1997-07-02
true,141,ukVdYz,9,2000-12-15
true,1006,KmdMdC,4,1992-07-25
true,441,fpZFZJ,22,1991-05-15
true,1319,UvCfbF,11,1994-10-02
false,1052,qnWoEO,1,1996-03-11
true,1452,gTSYJs,2,1995-02-17
false,314,CLSwwY,10,2000-07-04
false,1413,PLbEDb,4,2000-08-23
true,800,kgNQKu,1,1998-01-24
true,1857,nGSZSc,14,2000-07-02
true,1411,apMAdk,11,1995-07-10
true,1332,mgkiRD,5,1996-01-03
true,1494,IdfkAG,19,1998-11-05
false,201,jYFUPa,16,2000-09-25
true,100,UCZkZX,8,1998-05-31
false,351,XYPOQE,12,1991-10-30
true,1754,ipYORN,19,1990-09-22
false,740,nZVYcw,19,2000-03-23
false,1917,NOBPKI,2,1993-07-26
false,1745,EXngCd,4,1990-09-13
false,932,ufeGCH,4,1994-08-06
true,1664,yDEhnW,2,1992-01-05
true,1606,mqgqYn,18,1999-01-07
false,667,jCoAFY,24,1994-07-20
false,1744,GznuQP,2,1991-12-11
false,281,yZiMte,7,1994-09-06
false,1382,wQTfMm,3,1998-03-11
true,1522,MFSILq,20,1991-06-11
true,1483,AEhguD,22,2000-08-15
false,362,hYFAEp,16,1999-11-26
true,1111,fAOIhf,13,1994-10-09
true,326,iQUvRR,19,1995-02-01
false,709,EDCBte,11,2000-10-14
false,631,eyDIuZ,9,1991-08-29
true,1808,tLiLSt,17,1990-04-21
true,1779,uLaOrF,8,1995-03-28
false,1968,PlkwEe,11,1994-05-09
false,694,Qvpooc,6,1994-07-18
false,180,BVsCjb,22,1996-07-25
false,892,Wemrib,14,1997-03-03
false,1523,QLUokr,20,1999-06-07
true,1296,HZfmTV,7,1998-03-09
false,1621,NhibYD,8,1994-12-03
true,1795,vAmKaX,19,1993-03-12
false,280,mltUBC,10,1992-03-19
true,551,yzXDmm,14,1999-02-17
false,1797,MBXaAH,2,1992-01-04
false,367,djxBBo,12,1996-10-29
true,925,TdPvvi,15,2000-09-21
false,1333,Zlrdra,9,1996-10-30
true,1712,rRLCmw,17,1998-07-27
true,1486,HyGrCU,1,1992-01-30
false,1862,SnJZXH,13,1995-09-05
false,952,JrkqNE,17,1998-06-11
true,1795,CcVFBR,15,1992-09-11
false,1522,BZltLI,24,1997-04-01
false,1449,rGuzLu,22,1992-11-06
true,766,EZxtTk,8,1995-10-19
false,1126,Qywifx,6,1992-05-19
true,934,IlnFCT,10,1990-04-24
true,748,yMYwwa,24,1990-02-10
true,598,CLKQqi,3,1995-08-24
true,209,Xtnrgb,24,1996-09-13
true,1867,pYieGz,21,1991-06-20
false,842,nuyuwz,24,1990-11-17
false,1200,GFeLyC,3,1995-10-21
true,1270,SrpUgH,7,1996-12-30
true,1395,XYSSGO,12,1996-10-21
false,1139,PzSrrF,8,1993-09-08
true,1496,dccVEl,21,1990-11-08
false,1965,gWfVqc,8,1990-02-04
false,1899,ZupTIR,2,1998-09-26
false,1360,EeLgtY,15,1993-06-29
true,1496,yAjWnD,24,1994-02-20
false,1657,ZOGENt,21,1990-12-22
false,559,snhCzr,13,1997-12-09
false,155,EXIBQf,19,1995-11-23
true,898,KBsqBT,1,1994-11-26
true,1693,ByIYmZ,21,1999-02-19
false,1885,yxDEzC,24,2000-01-31
false,1583,zogNsL,11,1999-01-17
false,412,RXNLvl,20,1992-05-02
true,1225,JeDcEw,15,1996-04-25
true,1169,uTKogt,6,1995-02-15
false,1368,DbHeiD,16,2000-05-29
true,450,ymXDDP,18,1990-12-24
true,1630,gdLMrh,19,1992-07-12
false,1535,ujNbTF,15,1994-08-17
false,1127,iQgXaI,20,1999-07-29
true,1366,EqZqax,13,1990-07-19
false,1054,Osqvqq,10,1991-07-01
true,216,WDKXRP,17,1997-10-19
false,289,phtGXF,4,1999-03-26
false,1087,QIdycM,1,2000-12-18
true,306,hEdThA,21,1990-10-03
false,840,WsMQne,6,1995-02-15
true,502,pUSzai,15,1995-09-12
false,1076,aSOYeM,16,1996-03-21
false,1482,zshDME,4,2000-06-22
true,456,FuKirp,10,1992-12-23
true,136,mTANMC,12,1991-11-22
true,276,CXrIbF,16,2000-12-03
true,1283,ubWClK,14,1992-01-07
true,161,TXtVqv,6,1991-08-24
true,1135,krAgem,10,1990-10-12
false,1734,WEvJeW,8,1993-12-06
true,430,rWMyEJ,18,1997-10-26
false,1989,CPBNIC,12,1996-09-14
false,1323,IyghFK,3,1991-04-03
false,855,YMobtl,4,1994-03-15
true,1208,Toxike,7,1996-01-15
false,1836,IrvkQV,23,1996-11-25
false,862,yUkslM,15,2000-01-11
false,325,XfYCzj,18,1990-08-18
false,1219,rnkyVh,15,1996-01-26
false,1650,toMkZc,14,1998-10-17
false,1796,amvIxU,18,1992-11-09
true,697,AdJvps,15,1995-08-18
false,705,AAPtwR,8,2000-09-22
true,1191,mJwInT,22,1990-03-08
true,824,Iojmlu,19,1993-05-13
false,1338,eZYpFA,19,1999-04-26
true,671,kpnoaW,7,1997-01-15
true,1109,tEiwCV,4,1999-12-22
false,1231,ktdlpd,13,1999-08-08
false,100,krdDyC,1,1997-08-18
false,1188,SOwtxa,12,1996-08-29
false,1448,qgcnTg,7,1992-07-16
false,1810,tFoIOO,5,1990-01-17
true,1712,iXDjyi,4,2000-06-03
false,908,MjoGhT,20,2000-04-02
true,1446,EjhEzP,9,1998-11-12
false,1253,XqmeLR,11,1997-06-14
true,1611,aNdIhO,10,1993-07-10
false,1214,nuxcxO,23,1998-05-14
false,874,cHMEOQ,7,1994-04-05
false,1192,pJqJJi,14,1991-01-26
true,244,fJlihj,15,1990-12-22
true,1281,cQgHHu,20,1995-02-17
true,219,IwipYh,17,1991-07-15
false,494,tAKhAf,22,1993-06-16
false,617,EPwEUr,14,1994-07-08
false,762,IyTOaR,6,2000-07-10
true,1223,ohwcPi,18,2000-12-18
true,1871,fiVYeW,17,1999-11-12
false,1347,DxdjTb,12,1991-06-14
true,1109,tKyuKh,18,1993-11-22
false,730,wNiKJr,6,1994-01-15
true,518,PmkzZe,19,1999-06-04
true,1849,uksvcS,1,1999-07-01
true,1046,mCYsJg,15,1996-05-21
false,1167,RgnMYu,2,2000-11-23
true,399,cwYuqf,11,1991-04-28
true,1631,AtBzSB,13,1992-07-10
true,288,oWLavB,1,1991-03-26
false,1784,WWLaMQ,21,1996-04-12
false,1317,MvXUgW,4,1995-10-27
false,1169,LzImaz,9,1991-06-26
true,349,qmcwMz,6,1992-06-11
true,1226,lvVNED,7,1996-12-02
false,1972,fOSxUK,22,1992-05-14
false,121,QraIcY,4,2000-11-02
false,1139,PnMRId,12,1991-11-23
false,1918,urKVtC,15,1992-02-25
false,1666,uMfQwT,11,1998-04-27
true,1920,dxBtDq,13,1993-05-24
true,1046,xgfdXb,5,1993-01-29
true,358,Eusdzg,4,1993-12-23
false,270,SqKLgK,7,2000-10-13
true,205,YZJptx,23,1995-05-26
false,888,FYAzYb,4,1995-10-01
true,769,UlcJSF,17,1995-11-02
true,469,kcIkez,5,1993-10-18
true,1487,waCOsY,14,1999-10-07
false,1117,Jllzfk,10,1991-05-24
false,744,qzWMJP,17,1993-04-06
true,218,IwSWDv,19,1993-12-17
true,991,kRPxsN,15,1992-03-18
true,893,ZYWpHI,7,1997-02-12
true,401,BghnZu,6,1993-05-08
false,458,BPcLmF,1,2000-12-22
true,787,ePfMtr,23,1990-11-05
false,830,SGwNFx,6,2000-10-15
false,639,YIOfnD,20,1991-04-31
false,1974,NSDRtQ,1,2000-12-30
true,1823,FuqfBn,6,1991-09-23
true,1800,nDSWEc,22,1991-09-09
false,1313,cQSKvd,10,1994-10-03
true,783,apmozs,13,1991-11-20
false,1738,ueeWos,3,1997-11-01
true,1952,WapOVR,13,1997-05-14
false,1903,RFohvL,17,1990-08-24
true,1998,NDOeoV,8,1993-08-11
true,1074,LHcsom,20,1994-05-26
true,430,dPKpbU,1,1998-11-22
true,226,qSSLLr,3,1997-08-12
true,388,RwzOzj,2,1992-01-22
true,356,nMHNue,2,1990-03-19
true,470,suGwpi,18,1991-12-17
true,1488,SvKINX,20,1990-12-21
true,781,kSmTFJ,19,1995-01-18
true,1800,YpfwEx,6,1996-08-24
true,1052,BLHQIJ,7,1997-11-07
true,281,LmIFGX,9,1999-04-09
false,111,DupOOr,13,1992-08-31
false,195,bAkkGj,9,1995-10-22
false,1379,PpkrFH,9,1996-02-06
false,364,pKjqLh,5,1995-04-22
false,1625,LnEpuC,18,1998-03-08
true,268,yleNfE,14,1994-09-07
false,468,LoOchD,13,1996-07-10
true,495,rIhKcf,8,1998-05-23
false,1120,IBInls,18,1993-11-28
false,1056,GlwxhS,20,1990-03-26
false,1213,QVntAG,21,1991-09-03
true,1295,XDfJhd,13,1996-01-18
false,1406,hbVjrb,2,1998-11-14
true,1728,qopUmB,15,1998-05-08
true,1154,xYhfOy,4,1995-02-05
true,1308,LLphhk,24,1997-12-16
true,607,mwNHje,12,2000-10-03
true,1553,agcUjT,16,1999-06-01
true,417,yPngsW,24,2000-05-18
false,589,aXFoBp,10,1992-04-01
false,1544,crrhaK,19,1991-02-25
true,1750,oZIoBs,18,1992-12-04
false,770,MuvBVX,2,1990-03-11
false,1411,FyADEv,14,1997-06-30
false,1036,hDSPKU,15,1994-12-24
true,912,sRnXbu,17,1993-10-09
false,170,YNTFvS,4,1999-08-04
false,1406,rEeIJZ,24,1994-09-13
true,100,qWFnPz,22,1991-11-09
false,1540,olcmnj,10,1992-02-17
false,1715,XrsUDI,11,1999-12-14
false,1658,sezzKY,12,1996-10-11
false,1138,Yydriv,17,1995-08-11
true,869,nCaKrS,21,1991-06-31
true,309,xmlIEU,19,2000-12-01
false,1740,vTibcC,15,2000-03-04
false,1666,KNvobq,8,2000-07-18
false,449,IJlGgp,20,1990-12-04
false,1162,ZGaRSi,17,1997-06-30
true,1061,rhgDuX,18,1991-12-11
false,1896,DxWXPi,4,1994-08-14
true,115,kjLdFC,14,1996-04-28
false,1672,XwnVLK,7,1993-11-06
true,1324,pBUkid,10,1992-08-21
true,1191,XavZSb,6,1991-03-14
true,1716,ETBAHU,2,1999-12-26
false,1005,mlwnUW,11,1995-03-14
false,1368,zKADDG,20,1991-04-15
true,194,dWensg,10,2000-08-14
false,592,LtOiIg,22,1996-07-17
true,513,XcmTDi,6,1998-11-07
false,1896,LQPoRa,24,1990-06-19
false,1788,pKzbWW,9,1993-02-17
true,1809,skLWFg,7,1991-09-15
true,1370,OoTacP,14,1995-02-07
false,1494,nbDNwt,20,1999-10-31
false,500,ZcTWkb,9,1990-01-22
true,197,UmHrIH,14,1997-08-12
true,859,micpSH,14,1997-03-24
true,364,UcAVxR,16,1990-03-14
true,1781,UMDUyS,24,1990-04-08
false,1789,jPdNfb,17,1999-07-12
false,1242,onTAbr,3,1992-05-25
false,495,hIelRB,21,1999-08-28
false,1532,UvhMjW,15,1990-07-04
false,380,PkgKvn,12,1993-07-21
false,253,hQglPr,7,1990-06-11
true,1712,BcLFiQ,13,1998-08-25
true,1328,Lkwllu,5,1992-01-01
true,1612,ofdGcd,9,1994-01-21
false,581,LrIOsZ,18,1994-12-05
true,1446,eEzTeS,2,1994-06-18
true,509,MHfevt,5,1993-07-03
false,1923,MvaEUZ,1,1998-04-22
true,1122,GdfagF,13,1998-10-19
false,1033,WFtbGK,9,1990-07-23
true,1528,FhSSmz,17,1990-09-07
true,953,FaoVaA,11,1998-11-25
true,683,sNZPZL,24,1995-01-31
true,578,JFLCBS,6,1995-05-16
true,1113,clDQiG,19,1992-06-12
false,106,LJMNeo,22,1995-11-28
false,1056,mKWBVF,7,1995-02-05
false,1242,UnvqAL,17,1995-12-14
false,1306,URaPfk,5,1999-08-23
true,1790,VhTtdX,18,1998-08-06
false,1507,AobTvm,1,1998-06-07
false,1782,FIglWu,5,1997-04-31
false,176,jcBety,21,1998-12-31
true,1140,nkrxqy,14,1991-10-14
false,1329,GGtzSv,14,1990-09-03
true,1370,PJJjRw,15,2000-09-25
true,294,aJJjZH,2,1997-05-23
false,631,dZnzRk,8,1998-12-02
true,734,jluBBU,20,2000-06-22
false,1202,FSIstn,20,1992-06-10
true,398,gQINdL,16,1991-06-03
false,819,Ppcqqf,24,1991-01-21
true,668,XFgtUe,21,1994-01-30
true,1870,RLwwwT,18,1995-08-18
true,951,oGzBWs,10,1997-12-14
true,1689,xbBMpv,7,1990-04-19
true,169,YOJzFj,12,1994-09-25
true,416,LasHsr,22,1994-02-09
true,1271,ysuRXE,20,1998-02-03
false,1717,HwkWed,21,1991-12-08
true,775,MzoSqQ,7,1997-11-15
true,1088,lQztAx,24,1996-06-04
true,101,ksSsfB,8,2000-02-06
false,1656,GsNCEe,11,1997-12-17
false,806,KNpHFC,12,1993-10-15
false,1154,KgTFbQ,8,2000-06-04
true,925,DXugGz,8,1997-01-18
false,170,dkpbDK,22,1998-02-05
false,344,JUocJj,2,2000-08-28
false,463,qTLltC,7,1999-04-19
true,142,jDNRTc,24,1995-10-28
true,433,EfdOeF,16,1991-11-26
false,1666,uIdPeC,13,2000-10-27
true,276,KkkYoG,11,1997-08-06
true,394,yffucI,24,2000-05-15
false,1376,gdIdFY,19,1997-06-25
false,824,nJtmyi,13,1991-06-05
true,1533,JDEtwk,7,1994-12-08
true,501,VXAUKr,9,1999-12-11
true,1305,NbfFTr,19,1994-08-18
true,1566,UYZsfZ,13,1993-09-09
false,1977,sjcJYw,18,1998-06-24
true,971,eXdrmJ,19,1993-01-14
true,1284,bBDKrv,23,1994-07-23
true,1628,YyxShv,1,1998-04-14
true,1597,pcAsTt,21,1993-02-19
false,692,yPmxHI,6,1997-11-13
true,1128,hqnASl,2,1994-06-04
true,1138,Tbsqcc,16,1999-08-29
true,1086,DfWQpW,6,1997-08-14
false,614,LQROVU,11,2000-07-13
true,1334,YNQPvz,18,1998-02-02
true,1959,pIEyUR,19,1992-12-07
true,556,eWAoYc,9,1991-07-05
true,799,OrXwic,12,1994-07-26
false,730,pjSJTT,8,1994-08-01
true,1302,VcoDVt,1,1991-03-07
false,1862,UjviCV,1,1991-11-28
true,1639,tUYBhF,9,1995-06-29
true,1537,oEcTry,15,1994-06-06
true,459,uyrwxg,1,1996-12-02
true,1856,KSgawL,20,1992-10-29
false,1050,ElYfAI,22,1999-07-22
false,1091,aUHmtB,15,2000-07-13
false,1230,OaYYCM,23,1992-11-22
true,1216,LRCiJh,9,1991-01-21
false,775,qJbWnY,8,1996-01-22
false,1627,omONjD,3,2000-07-28
false,1942,yxdizy,18,1996-10-29
false,316,LVrvek,6,1997-06-19
true,418,iRAFar,9,1995-03-17
true,288,OnmSMM,19,1990-04-20
false,608,SfXEko,15,1993-12-25
false,147,UXnpon,4,2000-04-13
true,1993,IZchmC,7,1997-03-11
true,1490,TCHegk,6,1990-09-21
false,1392,xokOXo,16,1990-08-11
false,1616,bYCpTS,23,1996-12-03
true,1032,gfnzyc,20,1997-07-17
true,282,eiuapK,23,1997-05-20
false,308,GuZbxT,16,1994-02-23
false,325,QfWkyv,18,1993-01-20
true,321,HYNRGx,19,1993-08-13
true,506,bzIJmz,4,2000-09-15
false,646,SvlaPN,3,1997-09-23
true,1214,ihANCA,2,1991-04-04
true,1412,mRUdKm,2,2000-08-10
false,352,AjgMCJ,11,1999-01-16
true,1894,NWRYSR,6,1998-11-04
false,1613,bErlLr,9,1993-06-10
true,551,VTLyfR,4,1999-12-13
true,447,tlpkWV,5,1990-07-20
true,1037,RqgoUS,7,1995-11-03
false,1430,Mekson,22,1992-06-01
true,1397,rZnlfF,17,1997-12-19
false,1236,JttnTI,2,1996-03-16
false,312,mOBArN,19,2000-10-11
false,1232,ltLVOv,19,1992-03-14
false,160,vDkpsN,3,1993-09-12
false,575,ExZnnL,23,1996-11-02
false,322,SZPZdV,4,1993-08-29
false,1833,AlgWdp,5,1992-02-16
true,546,LOTsfW,20,1997-10-13
false,1528,lYUNmo,17,1999-05-25
true,698,zyOYdv,12,1998-06-26
false,1093,wlRUFt,5,1997-06-04
false,1305,vozLDo,10,2000-10-04
false,1923,uUuttH,9,1996-08-09
true,1099,Mqjqvu,10,1992-04-22
false,1976,aImeCm,11,1991-02-18
false,1875,CWYlkN,2,1993-12-28
true,1286,WXwHKu,9,1992-10-20
true,1904,SiDGvg,9,1991-09-21
false,909,TQDRQq,24,1995-01-01
true,1188,PlbTeH,23,1999-11-13
false,1746,qxHuFM,5,1994-07-22
true,1687,BPIQBD,2,1994-10-30
true,1018,JUANUk,8,1993-05-14
false,1360,honkRa,15,1995-02-20
true,503,SwgjXR,13,1993-02-12
false,684,QuZcyP,11,1999-10-29
false,1614,pDDXwP,12,2000-06-10
true,197,ujhOUn,8,1998-12-30
true,310,yKTEbe,13,1998-01-16
true,162,GeJKtJ,6,1997-09-14
false,975,dpAUPU,14,1999-10-17
true,350,gnnpsI,8,1998-05-03
false,1304,aAPIPz,21,1999-08-19
false,223,MtTOfP,13,1998-02-07
false,863,InlGjO,15,1991-12-13
true,1563,UgoEUM,18,1993-09-05
true,503,fNTRGY,23,1996-11-23
true,818,RQpdUs,2,2000-01-15
false,1985,tbgBJK,12,1999-06-11
true,845,jvRflb,23,1991-03-22
true,1154,jpEori,13,1995-04-12
true,1366,fSbMFJ,6,1992-04-25
true,337,fOBkFt,19,1999-10-26
true,1857,hMKnah,10,1993-06-12
false,1714,zwALbq,15,1995-04-29
true,288,JDadul,2,1995-05-29
false,831,YMIzIa,19,1992-01-03
true,631,aHFKGd,18,1999-05-13
true,1321,JmMlsx,5,1990-05-15
false,1625,dRuFjd,1,1998-04-06
true,474,zqGaCo,12,1994-10-18
true,144,HXIIsR,7,1997-07-15
false,1430,WojLUE,14,1993-04-17
true,1125,KHyMms,8,1998-11-25
true,1943,bASfxO,14,1998-06-10
false,509,JriATy,12,1996-10-09
false,1007,WOAtcV,9,1998-10-25
true,1083,JztRQW,24,1991-11-19
false,209,cIRety,19,1995-08-29
true,809,HNBXZB,8,1996-01-18
false,189,SsZyGL,9,1990-02-09
false,1073,KrhhUF,5,1995-06-25
true,685,oFRSqN,18,1991-01-26
true,1976,ipUIzR,21,1995-04-06
false,935,ftbIDp,24,1990-07-17
true,1754,CFsujv,9,1998-04-26
true,1609,rsPyyl,6,1996-11-03
false,1505,JeHNIn,5,1996-08-15
false,141,mFXuCx,17,1997-09-12
false,1957,INnIds,13,1996-06-07
false,1735,KBQlfK,12,1995-07-19
false,1546,SJBZDA,5,1998-01-04
true,1893,YAPbMz,23,1999-06-14
true,1394,kSgCKU,18,2000-03-08
true,1906,wFIotk,10,1992-04-21
true,1191,pEjEiu,18,1999-12-12
false,1041,PNauLo,20,1993-08-09
true,1747,WjxgVo,23,1992-07-20
false,1075,DrlRRN,8,1996-12-16
true,614,ugjGUR,12,1992-10-08
true,104,egqfrl,24,1995-11-12
true,828,qJzELU,17,1995-04-23
true,1177,HLaeVF,6,1996-10-11
true,1898,qwhtoG,10,1995-12-01
false,1625,GXffxM,17,1997-11-10
true,666,AfPZqz,22,1991-07-09
false,481,vCoTbi,5,1991-03-14
false,1711,fKQstk,14,1993-05-06
false,1152,BTmZHg,14,1996-03-30
true,1447,PSKYWG,16,1997-10-27
false,409,sihWTY,1,1991-01-04
false,878,ZFsotN,20,1990-08-29
false,827,ThYHSA,16,1996-12-12
false,835,XMWqcs,8,1990-02-02
true,1694,sRQxYH,2,1992-07-05
false,1909,bkJxCP,13,1995-10-06
false,581,mPIhcW,18,1990-09-24
false,513,qczMUu,15,1999-12-16
false,1514,WUhVAh,12,1990-10-25
false,1810,xUDJwr,5,1997-09-18
true,891,MBVPTm,19,1996-07-12
true,1408,PVPSSo,7,1993-11-19
true,265,GFLzoD,2,1992-08-29
false,1457,IiOTGi,10,1996-09-12
true,1946,uhUKHy,11,1991-01-21
false,207,EpZREC,7,1998-09-24
true,614,viftoL,7,1993-12-25
true,1010,tnmfoF,14,1994-10-30
true,1934,HLkXkV,7,2000-04-06
true,1313,bUwSEf,23,1996-09-16
false,1831,ijnUYa,7,1997-07-08
true,627,GvmZut,12,1999-04-14
true,220,cEFhaG,10,1990-09-22
false,1172,iXbBEF,12,1998-04-25
false,1117,ecJkaV,9,1999-06-17
true,1489,GzikDD,12,1991-05-09
true,1571,nFBSjB,18,1994-10-08
false,1229,QaNFSa,15,1997-06-02
true,1809,BFkYZC,4,2000-07-20
false,688,xQrGma,19,1995-02-08
true,1251,FvPzfW,22,1995-03-21
true,782,YBTAQX,23,1995-12-03
false,1963,tMtAwN,15,1995-08-03
false,1399,IzTxhS,19,1994-03-10
false,666,AYzDyq,5,1990-09-13
true,782,GCguiW,2,1994-10-02
true,232,ctyUmT,11,1999-03-09
true,1089,GxDcAi,18,2000-07-23
false,908,qSgBLs,13,1991-03-11
false,1961,ojAwVZ,6,1998-06-12
false,859,WfYrri,24,1991-05-26
false,1025,XGLhue,21,1991-06-25
true,638,EzWHvK,16,2000-10-10
false,975,JeYpVP,1,1995-11-30
false,153,DVENOA,7,1993-05-24
true,1468,FvoHzW,11,1999-07-05
true,1027,uUfzbw,24,1995-05-17
false,880,kWrLHD,2,1991-01-14
false,588,DAxeDd,6,2000-04-14
true,141,zcuHuP,23,1996-12-01
false,1342,JcerHm,11,2000-04-09
false,535,PnrXgv,23,2000-01-02
false,286,CpGRdo,21,1996-08-24
false,1655,cCYfnF,20,1999-08-04
true,514,LZJNcw,20,1993-07-13
false,777,hBjXbj,10,1995-06-18
true,846,DAXuyI,16,1993-04-21
true,1949,PjiJnH,23,1996-02-25
true,284,FYrRQJ,16,1995-02-01
false,1882,VSrRie,17,1998-06-24
true,1397,cXYuTA,5,1992-12-19
false,1839,vcKQSI,24,1993-05-27
true,1110,hIdROa,22,1991-12-04
false,1526,kCfCbK,7,1996-08-10
true,369,WxWNSI,20,1994-08-22
false,1934,JEnoYT,18,1993-05-20
true,1525,tUgeDm,1,1991-02-22
true,588,AEmzRv,5,1996-11-19
false,923,howFcm,18,1995-01-18
false,326,hUfsTS,10,1992-09-12
false,285,BoIJqx,21,2000-02-05
false,544,aTjigY,9,1992-10-10
true,1414,dqAkrF,21,1995-09-04
false,185,zaDYht,23,1994-05-05
false,1613,yjstVb,20,1994-02-14
true,916,dNYGFQ,16,1998-01-06
true,770,denPgh,6,1997-08-01
true,613,UBaYpH,17,1998-07-29
true,798,dnozfo,6,1990-10-23
false,199,upcXXW,6,1993-06-25
true,1202,CFbNxm,12,1991-02-16
true,1416,InXCnm,22,1993-07-15
false,1023,ctfEir,22,1990-04-13
false,699,pFBZgb,22,1992-02-21
false,242,cxfDWE,18,1992-02-14
true,1196,talPEh,7,1992-05-12
false,720,UvSRpr,9,1996-07-16
false,1921,ikyPtl,2,1996-12-30
false,1982,dqVhBx,8,1998-05-13
true,1608,RSgnLZ,4,1994-10-22
true,1100,KQqmHC,19,1993-09-24
true,322,vbSrYO,1,1995-09-02
false,110,xJkDar,3,1993-07-02
true,516,EfySCn,8,1991-02-25
false,1674,mswxDt,22,1997-03-10
false,1001,dZYRjL,7,1990-06-04
true,196,KzzCla,2,1999-08-29
true,798,csYcZj,12,1999-01-11
true,1245,JMxvuf,17,1995-06-04
true,1515,euyqcH,17,1998-05-27
true,1017,iGkRXI,23,1993-08-08
true,240,nyCygv,16,1995-10-16
false,1694,fcZIGr,4,1995-02-19
true,665,EehjPQ,24,1997-03-13
true,146,vjCagl,3,1990-02-27
true,584,yGgpqq,24,1997-11-07
false,252,HRTMkr,11,1991-06-25
false,1755,JTFWja,16,1994-12-05
false,1897,hbobDT,14,1990-02-25
true,1532,bmkHOY,6,1993-07-13
true,426,JiOzwv,17,1993-09-20
false,581,fRmLQH,7,1994-07-29
true,426,blAVrV,15,1991-05-21
true,1912,NGOmpC,4,1998-10-07
true,887,hpwfhS,6,1992-07-04
false,521,gpNAKm,16,1991-04-20
false,236,ZxCZPI,14,1994-03-24
false,150,XsfOdx,18,1996-11-27
true,1700,hZLiuF,9,1991-03-16
true,1545,FIlZXp,20,1990-03-09
true,1406,ERYpRH,21,1995-06-17
false,1169,wjKIgR,2,1998-11-09
true,965,FdfThO,22,1994-07-28
true,769,MhYoXe,24,1998-05-02
true,353,QFEeMH,15,1999-04-06
false,418,dIoWjd,9,1998-09-26
true,997,PfwRJl,22,1992-06-11
true,353,FvcTFx,21,1998-09-11
false,854,OsftgZ,5,1991-05-26
false,264,UriZJq,7,1992-12-05
false,1328,MGsoMZ,23,1992-12-07
false,880,bCGaQV,22,1990-04-21
true,1921,verntS,6,1991-07-20
true,365,hWwMuI,20,1991-05-26
true,1789,GQOvfa,10,1997-02-03
true,935,WqOWKz,3,1999-12-18
true,557,gHSnoX,21,1993-06-16
false,832,xkfxFg,2,1997-08-16
false,1254,fiZNga,20,1993-05-22
true,1189,RjVVTm,10,1995-10-10
true,481,sUXpBe,17,1997-06-31
true,1135,lPanIE,9,1999-01-30
false,122,pFEcdf,11,1999-08-13
true,600,FBjGGn,20,1997-08-17
false,836,ZrDmiX,5,1995-09-18
false,1672,CtwQCB,14,1992-11-16
true,530,QWciZu,4,1994-12-02
false,1153,vYHNrP,17,1993-04-22
false,238,rWcWix,20,1990-11-13
true,1471,EompMq,13,1994-09-05
true,1772,GvAPCp,23,1994-02-14
true,750,ZrwLPn,9,2000-10-15
false,1421,kJhCsh,7,2000-11-12
true,862,sGBWQS,19,1995-11-28
false,193,JjlQdj,17,1994-07-15
false,463,NxHEOQ,3,1993-06-01
true,1450,gNUqvB,1,2000-10-22
false,509,uboqTA,6,1996-04-18
true,1594,pQtTuf,12,1999-10-28
true,1076,wwozoc,13,1993-06-26
true,1624,mDdlSX,4,2000-02-27
false,1151,iFUIkc,8,1990-06-03
true,1642,kKwLIV,13,2000-07-10
true,370,flagQB,10,2000-03-16
false,144,xvEheT,22,1991-09-21
false,519,vsfkRo,16,1999-05-05
false,1744,EXKMVf,15,2000-08-06
true,200,XqIUGb,21,1992-05-08
true,1019,FUtojb,11,1998-07-05
false,1708,FOXTgI,12,1993-01-29
false,440,kAhIme,22,1997-10-12
false,917,JbzrJG,15,1993-11-04
true,454,ofBryf,16,1993-06-28
false,878,NdUlpj,14,2000-11-28
false,1808,uIweJP,22,1999-05-30
false,667,EfTDKE,7,1995-05-29
false,1391,spTskf,12,1998-02-12
true,1692,JIxThX,17,1999-07-19
false,1787,zEZhtd,1,1996-10-28
false,1942,pqfpWZ,13,1992-02-18
false,188,webgfb,20,1994-03-10
false,1814,iMeUkW,11,1993-11-07
true,1586,sUDeZa,11,1999-08-18
false,967,DuXjgv,23,1991-06-01
false,404,TpibCf,22,1999-07-02
true,206,WVvjze,21,1998-08-17
true,615,VHsJtS,15,1995-12-28
true,1624,fjtpgY,16,1995-12-20
true,693,cxRwYY,19,1998-02-20
false,348,OhhkMx,23,1994-10-10
false,1295,DPmEXP,17,1992-08-21
false,640,wLNbnT,1,1991-12-29
false,636,LEcDeD,3,2000-04-18
false,834,YgKDju,5,1990-09-30
true,1370,WkDXMd,19,1998-03-03
true,242,RZUyWb,8,1990-01-24
true,1973,vWkahe,19,1991-07-24
true,775,eJNBLX,21,1997-11-08
true,1562,ChdlNx,22,1993-08-21
false,108,dhacoX,5,1991-10-25
true,1566,hrNmMj,24,1999-12-07
false,1180,Lyowlm,18,1995-07-01
true,1163,PprFwB,18,1995-03-03
true,1536,qInVCL,6,1992-01-26
false,231,wySnKI,7,1998-01-22
true,668,smAMZM,21,2000-01-05
false,1440,yFNIqI,17,1992-03-11
true,1964,VbGKYX,8,1993-03-01
false,283,MtBsAN,24,1995-10-13
true,1595,tqbJxn,7,2000-09-23
true,1316,MBSzEb,17,2000-11-16
false,291,aHfiFz,6,1991-01-12
true,1478,pJJIio,20,1997-04-03
true,444,LUvtXt,22,1996-08-16
true,1899,cxLihC,15,1992-11-08
true,308,PekZst,5,1995-03-04
true,1877,VhZAxC,15,1996-07-24
true,535,MkVktm,21,1992-02-04
true,1455,mpQrZQ,4,1996-03-05
false,1684,izxODj,13,1991-09-21
true,1227,BxSYxu,17,1997-01-13
false,1375,xcMJdU,14,1997-11-26
true,1106,ouuyij,15,1991-09-26
false,1687,ZhWvkE,16,1992-12-08
false,1093,XydRkm,24,1997-05-06
true,188,bxoGGH,12,1990-10-19
true,442,bnianN,16,1994-02-16
false,1499,DNspIz,6,1998-09-12
false,1422,lLumaf,3,1997-08-26
false,1458,lySiiH,16,1990-09-10
false,526,DvThFS,21,1997-07-23
true,875,thZdqy,19,1994-06-24
false,1793,zEUOfm,5,1993-11-21
false,426,bcEprx,16,1997-09-20
false,886,zOKTQf,8,1994-01-02
true,675,fTMFPq,13,1997-11-29
true,307,UWsSIw,13,1991-10-09
true,1356,zAYFoN,17,1990-11-31
true,1544,KGWPWs,18,1992-08-22
true,957,vjFCyG,22,1993-04-24
false,377,FQOxjN,14,1990-09-01
false,1296,NNsUHj,7,1997-08-28
false,1631,dZiAkt,13,1997-08-03
true,1493,YVBGFx,14,1991-01-16
true,1582,uLoMEH,13,1997-03-19
true,475,PxIcvW,15,1999-10-08
true,301,GGVhlm,7,1995-01-09
true,1217,dWoHIi,24,1995-07-08
false,1360,KOGskx,10,1995-07-04
true,1153,KzsPQg,19,1991-06-16
true,1374,TMQogw,14,1997-08-17
false,541,dmpXXg,7,1998-05-04
true,450,nJIbvX,14,1990-03-20
true,1809,NBLiFK,3,1991-04-10
true,1594,PqVznU,5,1993-05-23
false,144,qGpiUy,18,2000-05-16
true,1237,sBMAat,4,1998-05-19
false,1378,kUzYJw,15,1991-05-01
false,1204,ztzhTp,4,1994-12-25
true,127,HNphpM,15,1996-05-11
true,1129,VYUNqn,10,1991-05-09
true,1214,GllGIU,19,1992-10-08
true,570,PgMTRn,8,1999-09-05
true,1793,fMJmDA,5,1994-02-13
false,323,fnnpvM,1,1991-06-25
true,1254,whGALY,22,1992-04-13
true,1596,KwwLUi,6,1994-11-14
false,1349,qtaidv,4,2000-12-01
true,1532,GINduW,18,2000-04-08
true,1128,hkCXjK,14,1998-06-28
true,585,vNBEGz,5,1998-03-04
true,142,gdprsA,24,1993-01-01
false,330,RLDqtp,3,1995-03-02
true,653,rUovyn,17,1992-08-09
false,118,XbEfHP,14,1990-05-26
false,625,pEwpCF,12,1996-05-09
false,979,Bhhzgg,19,1994-03-31
true,1754,swVNuz,6,1997-03-05
true,279,kfDopN,7,1999-07-08
false,349,GRtMqR,12,1997-10-03
true,362,hvOoBm,1,1997-03-10
false,1401,nRmgPe,20,1999-03-23
false,1534,epWoTK,18,1997-05-04
false,1728,AeCBHd,20,1999-11-09
true,356,CVZKja,14,1990-07-08
false,285,stORIa,15,2000-03-22
false,918,beuJPZ,18,1994-12-11
false,1707,rxJrFf,4,1997-01-09
true,496,trsrwX,15,1992-09-13
false,982,yyDbCc,6,1998-09-28
false,966,owiKwa,19,1999-11-09
false,704,MGloyM,24,1991-02-25
false,213,OrFUBn,5,1990-03-23
true,1271,EEzewo,5,1996-12-01
false,237,VlUAPO,2,1995-12-02
true,717,wRPRvm,14,1997-09-02
true,643,boefmc,6,1990-02-02
false,1837,gRLiNE,8,1999-09-02
true,296,pDRdqG,6,1994-05-12
false,570,dJbxIG,1,1999-03-20
false,1944,wiIjUA,20,1997-10-19
true,374,LwquAl,7,1990-01-01
true,1699,BlzMks,24,1992-10-06
false,1061,eixOWK,9,1994-07-26
true,498,PqmlNG,2,2000-07-21
false,1036,OuXrWE,3,1996-01-24
false,1856,tJFJqX,16,1997-06-22
false,1467,ESEWzs,13,1993-12-11
false,383,iyQXjD,21,1995-04-16
false,1871,Ektchk,21,1997-02-22
false,1851,wzZZEs,11,1993-07-29
false,1222,hJTbDA,16,1990-03-15
false,768,nsQixT,24,1997-10-22
false,983,GehVZa,23,1995-11-11
false,1311,qyKIoo,18,1990-03-03
false,427,jkbZmD,16,1994-04-03
true,1797,ZibxZF,12,1994-11-12
false,475,mtWTcw,4,1994-02-05
true,238,UVeCsS,6,1990-03-02
true,563,MjPbJf,5,1990-04-22
true,296,YJzwZv,24,1996-02-09
true,1410,rtFIcS,2,1995-04-14
true,1543,UAIgqg,4,1993-12-02
true,1335,UJUots,6,1994-03-09
false,1861,gfETqu,6,1991-07-20
false,1262,qGRwWP,1,1993-11-19
false,762,RLjHyA,11,1994-02-07
false,1097,mDFque,16,1994-08-27
false,1612,puPcdh,4,2000-09-29
false,1094,DesBOd,14,2000-10-27
true,202,oRBZmj,24,1993-02-19
false,1682,CcrQFE,22,2000-10-13
false,623,mwPRuF,18,1993-01-16
true,151,fyDNFu,14,1993-01-09
true,493,hrESsy,3,1990-11-04
true,664,IYLJij,8,1996-08-19
true,366,OCYqKA,17,1997-06-07
false,167,umywBI,20,1997-04-20
true,1821,ZDwUvG,18,1990-03-06
false,1756,qfghXY,2,1995-01-02
true,672,WTMtyo,22,1990-05-03
true,580,kUUfrD,5,1994-04-31
true,510,UzBYdn,8,1999-12-23
false,1532,fInnme,7,1993-04-06
true,689,cETzcn,10,1993-02-14
true,1368,NTVDvp,12,1999-07-12
false,1100,AXrCBp,14,1999-09-25
false,1038,MvvDqZ,6,1994-12-08
false,1595,Cgrxyv,18,1995-07-09
false,705,kVwwJe,7,1999-02-27
false,897,mJRFCH,24,1997-02-18
false,168,KMlXyW,21,1997-10-30
false,766,eYXEUF,21,1997-06-19
true,1296,ykuZmF,1,1995-03-21
false,1034,Giblhy,9,1991-12-13
false,941,tdELvD,11,1990-01-04
false,129,YmBZnj,4,1990-03-23
true,1018,zAHUAQ,5,1999-02-10
true,141,VgfjHD,4,1997-01-12
true,1045,veBssk,16,1999-03-05
true,1681,hgcRXV,12,1994-08-26
false,571,SRqiZY,8,2000-06-24
true,1471,YLpFVt,24,1997-11-23
true,1590,ZgTHnJ,16,1991-09-08
true,1825,OaqxTy,5,1990-10-07
true,1346,NlDDaX,9,1996-06-31
true,989,mafSEX,21,1993-09-30
true,1297,jQBoOh,7,1990-01-30
true,366,jNTScD,9,1998-07-18
false,260,Yrqoun,24,1997-02-11
false,1125,lJyxjQ,16,1994-06-25
true,518,pNSnlN,3,1990-02-14
false,530,moLpfj,22,1996-11-07
false,1712,mvNyyI,2,1992-01-13
true,969,xeuJlc,12,1994-08-06
false,665,hPnZTD,3,1993-06-19
false,1583,VxlyPG,5,1993-09-18
true,1138,LMWsOv,23,1998-02-01
true,375,tlyZgG,7,1996-08-09
false,1325,kRfGBM,21,1998-11-19
false,329,rnVFfk,9,1990-07-25
true,1278,YwDkDr,24,1997-10-29
false,975,myPURm,9,1998-03-14
false,1723,Wmxggz,6,1994-06-29
true,1082,qwxZLA,8,1996-11-27
false,1516,cFJPRP,1,1998-12-20
false,932,Jykozj,12,1994-05-31
true,241,iukmct,7,1996-02-13
true,1651,dcnBNU,19,1993-09-01
true,859,SsGYxy,15,1995-12-14
false,305,DSLLQj,5,1999-11-28
false,293,HQPTIx,15,1991-07-24
true,725,PhPsfF,24,1991-07-03
false,842,zPjLgU,19,1995-02-06
false,125,vAqXdP,15,1994-12-17
false,367,muZRmz,22,1992-05-13
true,645,sTRoZy,17,2000-04-24
true,1611,HcrbLJ,12,1997-03-15
true,1390,kSXwzX,4,1991-08-23
true,461,aqEpzL,22,1996-08-24
false,1571,uwaaKD,19,1990-03-01
true,611,bmWBzz,22,2000-12-12
true,1435,ykavHo,14,2000-05-13
true,181,wvVVQz,20,1993-09-12
true,785,tCKesq,1,1994-12-06
false,1364,BEjamj,14,1990-09-22
false,133,Whaxcb,18,2000-08-01
false,1008,hRWzVq,17,1998-11-06
true,848,nyVcHk,17,1992-02-13
true,819,jmYRxC,20,1997-10-14
false,1683,JJmAkq,11,1997-07-05
true,1308,sXqhXu,8,2000-06-09
true,712,chbtws,1,1997-12-10
true,1404,OSooTV,15,1993-06-11
true,1301,chlUCz,22,1994-04-12
true,151,IccOFo,22,1998-02-22
false,1788,JEulpX,18,1992-08-08
true,1845,Ivnhuv,5,1996-09-28
true,1138,IxHwZK,13,1994-06-15
false,447,YkNVdO,5,1996-07-23
false,1056,pTYbOT,21,1993-07-13
false,163,rAzRxZ,16,1995-05-13
false,656,FpdacX,17,1990-10-12
true,705,uBfRjW,22,2000-05-12
false,400,bNEzBt,24,1992-10-22
true,101,IZnBwq,11,1994-09-08
true,335,dqKZkW,17,1992-09-29
true,365,asNbPF,18,1993-06-11
false,1511,nHnAxC,2,1997-06-23
true,1469,IMAjSv,14,1990-12-31
false,1998,obcpNc,23,1994-07-23
true,1215,kXNqIr,12,1992-02-26
false,812,NXLmhP,13,1997-11-11
true,1180,jNWOtp,22,1995-02-19
false,784,pGLjTU,12,1990-09-29
false,1591,SoVCCr,6,1991-09-23
true,1019,sQfcUl,7,1996-02-21
false,1321,NqEEzY,12,1992-11-13
false,1070,gxqVtd,19,1999-12-23
true,1644,vpCGqF,3,1998-11-06
false,566,rDgBGQ,3,1997-08-22
true,754,uqBeiJ,18,1999-04-09
false,1465,fKFKBP,20,1998-12-21
true,1877,uwiHlk,21,1993-01-20
false,1912,wyMKyO,12,1998-06-16
false,102,IeHBGs,9,1990-08-22
true,344,nyEtKa,20,1993-07-01
false,678,wqsATC,18,1995-06-24
true,1772,qYfnSD,16,1996-01-02
true,1439,wqTBpH,20,1994-06-17
true,1365,ulcqrS,23,2000-06-03
false,982,EoJplf,16,1991-07-11
false,1451,WcZlzz,2,1997-10-18
true,186,OlGtLH,16,1994-03-04
true,1310,viZGDi,6,1993-06-08
false,650,uUFSSL,6,1995-06-11
true,1321,hIxAmd,16,1995-01-29
true,916,fCtwgM,6,1994-08-15
false,1047,jDyMSA,2,1992-09-14
true,591,QiDdoE,3,1995-02-27
false,1736,czbMqz,12,1996-06-05
true,1823,gomlkK,1,2000-08-31
true,1929,XTdMoB,14,1995-04-15
true,147,LMslCt,15,1997-05-09
false,249,FsaWmw,5,1994-08-02
false,705,lCkoYW,7,1995-04-27
false,128,fUmdUW,7,2000-05-01
true,640,ZQOOov,14,1993-04-06
false,782,RZbViH,3,1991-07-17
false,706,vUOZtC,3,1992-03-27
true,1885,QJxqfI,24,2000-06-20
false,1496,NawxVM,19,1990-11-27
true,1422,PBpnDw,17,1995-10-21
false,678,ikZEZd,1,1992-01-02
true,1829,LwnCoX,1,1990-05-21
false,1829,ppyXon,20,1998-07-09
true,1956,sfXZqi,5,1998-10-29
false,358,bIHzaB,14,1999-09-22
true,1010,MLVevX,20,1993-09-30
true,560,fikysu,4,1995-11-30
false,325,SCyXQm,9,2000-03-08
true,1721,tpEpfT,3,1995-03-28
false,1021,IbcmGP,12,1999-09-28
true,254,gwByQz,24,1991-05-29
true,748,ZdWfNl,6,1995-04-17
true,1267,cyOoeq,23,1994-03-20
false,707,AKtVxV,17,1992-05-01
false,400,ncGBkt,6,1997-03-01
true,1681,ZMylRc,10,1999-01-14
true,1011,Qrgqml,9,1997-05-31
false,795,CVQqaI,9,2000-08-26
false,576,hoNFQH,19,1993-07-31
false,1502,hmWnzM,19,2000-11-04
false,896,MxuatC,19,1991-03-24
true,1867,toRXxN,3,1997-09-01
true,1759,rnWmaL,19,1991-03-07
true,1950,BiwaZl,24,1999-07-20
false,1454,buhIIV,20,1993-07-21
true,1968,JUioqX,15,1998-02-14
false,913,zhsPRN,12,1998-08-31
false,1329,USkqGw,23,1990-03-26
true,689,Ebdqzt,14,1994-04-06
true,591,cIMcqE,11,1993-06-07
true,434,vEoZAf,9,1993-07-18
true,1097,YGwJsB,18,1990-10-10
true,1644,SJSASj,1,1991-01-03
false,363,jeJQww,8,1996-09-09
true,521,lpeYXd,19,1996-01-13
false,1229,Lhkafp,4,1997-12-02
false,178,XRlJzf,13,1991-01-09
true,110,SSAOUU,15,1997-05-05
true,1710,IZhraU,14,1993-11-15
true,1458,oveIRP,4,1998-12-15
false,1830,JVnqoe,14,1993-01-22
false,1826,fKafED,8,1990-05-18
true,1070,ulDVHz,18,1996-11-01
false,1483,NGScgD,14,1991-12-28
false,1442,VldsWz,23,1996-11-15
false,1417,knVTQP,22,1994-03-20
true,137,pqsDWE,16,1995-02-06
false,838,jEmOXS,2,2000-06-01
false,701,SbZOwx,18,1994-04-18
false,561,LjeGMn,14,1990-09-22
true,1414,BTiBXo,15,2000-04-18
false,1202,KhtaPo,7,2000-10-13
false,696,veCCEN,10,1997-11-25
true,259,fekKpN,20,1998-05-11
true,1732,McSfwz,20,1995-10-15
true,1604,vpRlHj,7,1996-08-24
true,508,JDzvSb,16,1994-06-19
true,197,ePjJit,2,1992-04-16
true,1650,QvferR,19,2000-09-10
true,437,XxcreQ,4,1994-01-27
false,1262,hWTXMe,15,1996-07-28
true,1816,UUtjOr,16,1998-08-30
true,219,dNRmNL,3,1995-10-16
false,1627,OjfbPr,18,1992-11-04
true,908,wZXKeP,16,1996-05-15
true,1364,ZniFRz,23,1996-01-15
true,193,aakRdt,14,1993-09-19
true,1993,JYoXBH,23,2000-06-11
true,1910,fJUBLo,21,1990-01-08
false,463,HPnpZd,4,1993-03-03
true,1435,vUYAqN,9,1994-05-14
true,826,hTGxBf,7,1998-10-30
true,650,dzYvEh,14,2000-08-26
false,1401,CjkzVD,19,1998-03-29
true,1635,WjsDGg,1,1994-06-01
true,814,shflnq,13,1991-09-29
true,1141,pfoBUX,11,1995-12-14
true,390,qBfFZb,1,1996-09-27
false,1164,goKUME,2,1992-06-31
false,695,cEbUxK,13,1998-03-30
true,437,NAfKEP,2,2000-10-12
false,172,yfbWVg,4,1996-11-13
true,303,WqIkKz,8,1998-05-20
false,188,OtADVL,7,2000-07-09
true,1354,NPXLBq,11,1997-09-17
false,1899,PsAOko,21,1994-09-19
false,602,pGoetj,2,1992-06-16
true,425,tVlQTE,6,1991-09-27
true,268,bIZeaz,13,1998-12-08
true,950,hUqaUt,17,1992-09-24
true,334,VAjcMS,20,2000-06-20
true,922,TrexOD,13,1999-09-19
false,1434,oRPBcg,20,1992-10-08
true,403,AMTDvq,8,1993-11-21
false,264,egVdGt,4,1991-07-13
true,1134,aaKePe,4,2000-05-11
false,1974,lVSllA,4,1993-06-25
true,1450,sLESkf,14,1995-01-13
false,293,RLXWwi,21,1996-12-25
true,1408,LfORkE,19,2000-12-04
false,1515,PWgmbp,11,1995-04-28
false,119,YgaJqb,16,1996-09-25
false,1090,aFzBgk,5,1990-05-08
true,186,dqoiWZ,9,1991-07-30
false,394,WHLLmk,12,1996-02-07
true,209,FXVApr,8,1995-11-28
true,405,GwZwLO,22,1992-12-07
true,1429,VRYsFP,24,1996-01-29
false,941,HBYVYH,23,1995-08-27
false,1265,FxfFRJ,22,1992-11-25
true,1330,ysTGCO,13,1992-05-09
true,1944,ORiwYn,23,1991-03-28
false,431,RcRGEz,24,1996-02-08
false,1356,vZLKWT,3,1998-09-19
false,1416,FYPSKu,1,1990-08-07
false,1078,JmowHz,8,1997-06-07
false,1888,xLHKBS,10,2000-05-24
false,1912,GIOrtp,21,2000-05-08
false,831,fRVBft,7,1998-11-31
false,1552,PeZsvL,24,1998-04-18
true,943,MnnlzN,7,1992-09-29
false,137,nFWruc,5,1997-05-28
false,1909,cescKY,1,1997-08-03
false,804,pkKyup,10,2000-01-21
true,1928,nAmOfq,21,1993-09-01
false,1027,RmusNF,8,1994-12-21
true,903,PvEZYZ,23,2000-03-03
false,1009,TXrHmH,20,1991-10-29
true,1411,nBkeRq,6,1990-07-22
true,532,CeCjCD,9,1990-10-14
false,1914,OyBZwt,4,1991-06-19
false,1551,CPrEPa,22,1991-03-11
false,1335,VqsuPr,5,1993-07-10
true,1731,wQKMOQ,1,1992-11-15
false,1176,ZPvpAR,8,1996-05-18
false,999,cikRYG,16,2000-05-23
false,1980,UGascT,5,1998-09-24
true,1002,cYhcTk,9,1991-08-06
false,1908,bkfVqj,20,1994-11-22
true,679,TrVCdj,8,1995-12-05
true,1747,zHivDJ,21,1996-10-22
false,264,xyYSix,4,1994-07-25
true,1949,tUdObP,18,2000-09-10
false,559,TabWqY,12,1990-03-20
true,1332,wowRLz,7,1992-10-19
true,1238,AywGHQ,19,1996-07-16
true,364,CoKEbU,10,1998-01-19
false,867,YcBcNG,13,2000-07-24
false,1302,csRfSc,1,1996-02-24
true,720,adDpnG,12,1990-08-13
false,1691,Oclfjk,17,1994-03-27
true,1519,CTmZuc,13,1994-11-09
false,148,UGThIE,4,1995-09-25
true,1483,GTDMpO,3,2000-06-25
false,1470,FCVbbo,13,1993-04-26
false,398,XlxNBl,6,1999-10-23
false,1748,nnenuy,8,1994-04-16
false,320,KQusQK,9,1999-10-23
true,712,Xsniqw,10,1996-05-20
false,473,YzYKrz,13,1991-06-30
true,1507,nAMxcz,2,1992-09-01
false,1339,YcvbQq,5,1996-10-26
false,389,RmoMUv,9,1998-02-20
false,351,fkrVGI,5,1999-01-03
false,1741,GUgkfl,2,1991-06-09
false,715,umsOgO,4,1996-09-29
true,875,BtuBme,15,1992-08-08
true,493,sFVdQz,16,1994-11-09
false,898,ErYHJe,18,1995-11-19
false,240,jtwewx,21,1998-10-10
true,1014,bEYwsh,10,1993-06-27
false,1341,OACliG,2,1997-01-19
true,102,cnARpm,8,1990-12-17
false,435,BXfCbX,12,2000-03-30
true,1874,SIEkFf,15,1992-09-12
false,1360,MQUWnL,12,1995-07-08
false,649,XriouA,4,1994-12-22
true,519,BQjbLY,9,2000-10-19
false,1215,gMqTwE,22,1993-11-07
false,1924,IkYpZP,4,1997-08-16
false,1172,fwMLqc,16,1999-10-06
false,1343,ORLYud,1,1996-05-25
true,767,WwcqQq,16,1999-08-21
true,1936,CeCrlm,3,1997-01-03
true,885,DHXEOf,23,1994-12-20
true,1045,NXKpGI,1,1999-01-12
false,1533,nFRmrz,19,2000-06-18
false,194,mhGNHD,12,1994-05-31
false,335,ihQJHu,10,1991-10-30
false,171,dJjcqj,19,1997-07-06
true,1030,zjFQyM,13,1990-09-23
true,1083,DDjSId,7,1991-11-25
false,573,uiOpiG,11,1998-10-05
false,479,YPFbnp,1,1991-06-18
false,184,klPuIt,3,1993-03-19
true,235,kilCmm,17,1996-08-05
true,392,MbQgYK,4,1990-10-15
true,1225,NULQpF,1,1992-07-06
true,1864,pYHMMT,4,1996-05-01
true,667,iWtDpx,22,1995-12-02
false,366,Edknbt,23,2000-09-17
false,1380,fmNOFI,23,1997-02-03
true,1486,iEemFj,14,1999-02-18
false,1309,KNXzOl,12,1997-04-17
false,953,HQdfUE,14,1993-09-22
false,1688,VtYCpT,21,1997-04-23
false,1808,XpcDMw,20,2000-02-13
true,1160,hdJroF,3,1999-07-11
true,967,hLAUHZ,18,1993-05-03
true,579,NzfpLv,4,1992-05-09
false,1170,KYtYuw,16,1994-07-30
true,661,KoWDEK,1,1991-01-09
true,1786,vnjoZX,11,1998-03-30
true,1739,Nurlnu,5,1994-08-03
false,940,XQiqqr,8,1996-10-22
false,1294,ABkStx,18,1993-11-24
true,1621,cuTINZ,17,1998-04-05
false,1943,wGWYKk,21,1996-06-05
true,306,rIqWxG,14,1995-10-01
false,1906,SYyCuU,15,1994-07-17
false,471,qjtmOm,16,1992-01-30
false,1651,rHGjsI,16,1992-10-21
true,1261,fEARkw,23,1990-06-19
true,865,imVdiP,15,1998-05-18
true,615,nZzsUP,13,1998-07-29
true,954,pHDAev,17,1991-01-14
false,1493,aXeDRS,16,2000-09-19
false,867,VoMyNE,3,1994-03-23
true,887,hTxqoN,10,1997-05-29
true,274,zRCRag,16,2000-02-23
true,1053,EEYoWu,17,1994-06-18
true,1971,lZBTjC,22,1993-03-22
false,1625,yoRIeh,23,1996-09-29
false,1945,dZuExW,24,1995-09-01
true,1194,SspmRH,24,1994-07-11
false,1957,BOYMlp,20,1991-12-23
false,1126,uAvEnl,20,1994-01-21
true,1763,hUuGHI,7,1999-07-30
false,525,JeHkvt,21,1997-11-20
false,1949,oOTeZY,14,1992-11-11
false,157,eLvaWN,2,1991-12-03
true,722,mxqMGI,2,1999-11-31
false,1410,KrsVHT,11,1997-12-15
false,182,CKYGOg,22,1996-01-06
true,484,zQMlEW,22,1992-09-28
false,1377,pZFazq,6,1992-09-21
false,787,iayHii,23,1996-10-15
true,1939,MaCfVr,12,1994-07-28
false,198,Qfcqim,5,1994-06-28
true,798,NLEQbb,8,1995-06-12
false,1190,qCnshE,1,1997-08-24
true,1665,nkoWxi,8,2000-01-01
false,1196,kxQpJu,19,1990-04-26
false,738,vbthLW,3,1991-10-20
false,1148,Ilflkd,3,1991-08-07
true,1640,erWJqv,15,1992-11-20
true,706,rSCPXP,21,1990-07-25
true,1967,hXeCAE,23,1999-02-07
false,169,NwcALq,18,1993-03-29
false,1789,egHgNS,3,1997-02-26
false,1636,SpgMpK,15,1998-01-31
true,523,ibgaOp,3,1992-06-13
true,425,JsbbPs,19,1995-02-18
true,1918,tJIrnQ,19,2000-02-25
true,1246,RNPJWr,13,2000-07-24
false,1584,roHycX,1,1995-07-26
false,1779,wmPMFO,13,1990-03-17
false,901,gbEIGt,9,1997-11-16
false,1923,CNxiYN,2,1999-05-18
false,1493,oObVVH,20,1994-08-08
false,779,kiyfKa,4,1992-03-11
false,1064,Grxdbf,5,1996-09-18
true,1279,OVUnvN,8,1990-10-04
true,1105,GCnKHn,4,1993-07-31
false,1560,sEMIhq,1,1990-08-03
true,914,ipftvc,4,1990-05-11
false,1252,DWqtqf,20,1997-02-11
false,545,MdYqky,19,1997-03-22
false,1882,awhkOx,7,1991-02-19
false,357,vErmga,15,1990-06-24
true,1994,CtOfFV,12,1999-04-14
false,1713,MmQEcT,17,1995-02-02
true,1750,MecnRH,10,1992-05-21
false,604,AfcDUI,21,1992-01-18
true,1931,ZznYow,5,1992-11-10
true,1765,lVsTyw,21,1992-10-23
true,457,gxsDFg,15,1999-11-02
false,1464,OyNUSy,4,1995-11-31
false,219,amiQJJ,1,1993-03-25
false,991,cBvFRG,14,1999-10-22
false,116,KCYaQd,18,1994-12-08
true,141,qCXtNW,2,1999-07-17
true,1882,YOdGEj,18,1997-10-13
true,448,LFkOyO,14,1992-12-31
true,1237,CHouOB,23,1997-04-29
true,200,fFWWRT,11,1993-11-14
false,673,UxTJBM,4,1994-03-27
false,1734,AsKyAy,21,1994-08-10
true,1645,BmEWLC,20,2000-10-26
false,1958,VsCUPv,20,1993-02-20
false,1838,hroBSf,3,1997-04-25
false,1468,afkrOi,23,1992-12-02
true,1529,fAxzLZ,7,1996-08-14
true,582,jkQmru,2,1996-09-16
false,1413,aKoREF,9,1999-01-30
false,684,ZeEHbJ,3,1991-05-27
false,1386,IVGzNr,3,1994-12-18
false,489,XeRppG,12,1995-06-22
false,592,CfohjK,7,1995-12-08
true,1379,YZwqQP,4,1993-03-25
true,1722,nUvcqQ,4,1995-05-20
false,154,AcPVbj,22,1999-10-21
false,1239,kDuRwN,11,1995-11-25
false,365,kwcDaG,2,1992-06-09
false,623,nUIMiA,6,1998-12-19
true,269,axuUEd,23,2000-05-24
true,1300,ZPMSjB,7,1994-08-16
true,1045,XHqIqW,17,1991-12-07
true,572,jkcGSu,16,1997-03-19
false,368,TNIWee,2,1995-03-08
true,1224,bHERpz,1,1993-06-03
false,252,WKbOOE,6,2000-08-19
true,868,FoGvvF,15,2000-09-29
true,980,RFFVxJ,24,2000-08-18
true,1211,NvwJth,1,1996-08-23
false,1089,SMpvWJ,24,2000-07-05
true,1346,AERetH,11,1995-01-22
true,900,FwvmVn,16,1990-11-29
false,191,FOnLcb,3,1992-09-29
true,642,Emaqdf,16,1996-07-02
true,1049,eEIIdR,21,1993-12-28
false,723,yTwUtA,16,1990-09-30
true,1929,GeHmsl,6,1991-01-16
false,1753,DLlMGT,14,1999-02-17
false,1823,zwfIre,15,1991-04-06
true,1074,EuagMx,10,1991-10-07
true,1250,tDOORG,14,1997-07-02
true,884,gKHPZK,14,1999-09-23
false,706,hoVkcY,2,1994-08-25
true,481,ANQhCD,3,1998-12-04
false,1052,QwhgRP,20,1990-10-03
true,1925,MSBfYM,22,1995-10-23
true,1744,ApXJaI,3,1995-11-31
false,1546,XRPtnl,12,1999-04-10
false,1465,wdJbYj,18,1998-02-14
true,1368,FACDIc,21,2000-05-01
true,1395,gFTgpb,9,1995-07-22
true,527,SavOBC,5,1996-08-18
false,528,bcTPPE,9,1993-05-30
true,703,ocevgM,24,2000-11-01
false,1076,dnXamd,16,1995-04-19
false,481,puKbyH,10,1992-03-11
true,1529,FksVdZ,11,1997-12-25
false,586,oKhjSM,21,1992-06-03
true,1657,rAJnrb,22,1996-01-19
false,1190,FzvKqN,21,1999-04-26
true,587,GYWIMx,4,1993-11-03
true,866,nSipXR,10,1996-07-26
false,583,ULuDyk,11,1994-09-14
true,1184,iOysaR,16,1998-11-25
false,904,VXLlhC,5,1995-07-28
false,1827,VAMJxk,12,1990-03-19
true,1823,YnvGnB,20,1995-09-15
false,184,NDwqlv,4,1993-03-27
true,1991,CXWuLk,5,1994-09-09
true,844,Mxvxvv,16,1993-01-21
true,140,AQohYH,8,1991-04-31
true,157,FopgpD,3,1995-02-21
false,121,WRuScz,22,1990-07-14
false,891,jQamHH,21,1998-04-25
false,1850,PJFawe,6,1998-06-17
false,266,yDOrai,19,1993-11-19
true,741,ooaImK,21,1996-01-18
false,252,FLsaKP,13,1994-09-15
false,309,LUieYN,10,1993-06-26
true,208,MESkQr,22,1992-02-11
true,1197,bUhoie,5,1994-02-07
false,690,uAcRVC,9,2000-09-13
false,582,UxMRsV,21,1999-01-03
true,110,vMmWkE,19,1991-03-30
false,1202,moGxjS,10,1998-04-01
false,1014,VMotRb,8,1990-01-02
false,414,ZasfHu,22,1998-10-19
false,573,ZLLucV,24,1992-01-12
true,994,kXgtQi,19,1990-06-22
true,839,VehtPh,21,1990-06-11
true,274,SeGPBE,22,1994-02-22
false,304,SwZrwO,22,2000-11-28
true,1532,hByEuJ,21,1993-02-03
false,276,YfJRGW,23,1998-07-29
true,1085,rnyMWi,21,2000-06-10
true,470,qSkddF,7,1997-10-06
false,1037,HPHJPE,8,1996-12-08
false,687,iahUQz,22,1992-05-06
false,1289,cqxbfq,5,1991-04-17
false,360,jdxFrZ,4,1996-10-14
false,554,jaRfOw,13,1992-12-26
true,1004,PlFEFF,21,1999-08-04
true,540,GMKKrn,15,1993-02-16
false,470,jSTqkD,23,1992-11-30
false,388,TIfgWq,9,1990-05-24
false,464,hGCToa,14,2000-12-11
false,187,jCJReg,6,1994-08-01
true,1336,YAiImL,11,1998-07-13
false,1862,ijmolb,21,1993-06-01
false,1379,nVqFOB,14,1996-12-06
true,432,IGndwQ,3,1994-02-06
false,1594,Rjgsku,12,2000-02-10
false,1379,FvVLKq,22,1999-08-03
true,1449,fkUeYB,4,1992-11-30
false,783,MrkwrG,14,2000-09-29
false,531,npQWEn,3,1994-08-30
true,212,zLETYY,10,1995-05-30
false,1985,hboTfc,24,1996-05-03
true,357,sfsoUF,10,1997-01-24
false,1366,VysGeh,4,1992-12-12
false,791,FVuQYK,15,1992-11-28
false,599,HxFXoH,20,1994-07-27
false,263,OjNdvo,8,1994-04-18
false,918,BXaYLt,18,1999-07-16
true,845,AnthzZ,24,2000-01-18
false,853,CuTKBk,11,1990-11-12
true,186,wTuPnL,17,1990-06-15
true,480,DBKfKZ,3,1990-01-31
false,1683,SmMerN,17,1995-07-06
false,1198,qVSQpj,12,1995-12-29
true,531,FLwvnu,17,1991-06-22
false,223,eUuMOC,1,1994-12-19
true,1953,XzGYjd,6,1998-11-23
false,1790,YWzdFL,20,1997-03-27
false,128,hIgTxP,4,1991-02-13
true,302,pcytiq,7,1996-04-04
true,111,RzjSGS,15,1998-05-09
true,170,aUnxDS,4,1994-01-14
true,1629,gmVXyV,12,1990-09-01
false,802,eZdGlb,8,1992-11-22
false,739,Rdypxm,5,1993-05-16
true,1191,kQIMHf,10,1991-05-03
false,1675,GkrvCR,13,1992-09-13
true,233,FIZRAC,12,1993-02-18
false,1840,TcrPSD,3,1998-01-22
true,993,RFUXRe,16,1994-02-20
false,608,ZwxYtS,19,1998-05-26
false,1365,TeZsie,4,1994-05-04
false,1463,dDFYOG,14,1990-05-04
false,1397,ntAypl,8,1995-01-31
false,479,USvqlF,4,1993-03-31
true,945,ksncKp,3,1996-06-03
false,804,BuUfym,10,1990-08-18
false,1548,AcUGvO,22,1990-06-23
true,800,SRLvvv,20,1995-02-02
true,1185,WwilFs,17,1999-10-04
false,386,VdQVAV,2,2000-06-17
false,1304,qQWRxo,10,2000-07-19
false,1146,JYJdNa,8,1998-12-06
false,1893,nouKJL,11,1999-03-09
false,1913,DMRGkQ,14,1996-11-21
false,1754,XkLAEL,15,1997-03-11
false,1496,XYXlQL,2,1998-09-10
false,213,pWHmJj,18,2000-05-01
true,288,MHjsea,23,1996-09-15
false,1582,Avjfzw,1,1993-04-25
true,770,EEVVDt,17,1990-11-03
true,1756,RFZBOH,12,1999-03-19
true,1445,gbIaIp,6,2000-02-17
true,1122,ptKCUw,22,2000-08-26
true,1241,RyDetd,14,1990-04-04
false,1711,SMsVoc,12,1997-11-26
true,392,yrtQBZ,23,2000-12-04
true,1403,iOGPhW,24,1994-01-26
false,1817,uzMOBh,5,1993-07-01
true,877,PuhMLs,7,1998-09-29
false,204,CAbvoy,16,1992-05-28
true,426,sOOoTx,24,1991-01-05
true,1672,hUAMdv,8,1993-02-13
false,355,GrsouO,24,1994-05-21
false,1802,wyKhPq,17,1996-08-26
false,1155,OczgFL,21,2000-01-03
true,1952,LbrUWk,7,1996-02-02
false,809,PqPfxA,14,1992-10-18
true,749,nTDOSy,24,1992-10-07
true,1878,JXSlTM,11,1993-08-30
true,1174,eOATPN,11,1990-10-05
false,1684,TDgNvS,18,1993-04-27
true,520,iPZVDL,20,1990-03-31
false,1232,OYNPGA,16,2000-09-02
true,1143,tLhQFm,18,1991-07-30
true,699,itULcO,21,1998-08-23
true,1939,CxuiRt,18,2000-04-27
false,492,BBVjaw,17,1997-05-12
false,538,cZpWLV,18,1999-11-18
true,967,OOmKdj,23,1995-05-01
false,792,DBPzLg,2,1992-09-31
true,439,fQYUvY,1,1997-05-12
false,1252,Wvxlpu,1,1999-09-14
true,361,IyFowD,14,1992-08-24
true,657,vTldCe,3,1990-05-21
false,1386,kwQayv,3,1996-01-20
true,1681,FZCfEA,7,1992-11-14
true,917,FvOAPO,8,1998-07-14
false,515,zOcgGm,20,1996-12-28
false,276,GChNsF,13,1997-10-26
false,931,brAqtN,16,1993-04-07
true,286,uqFMeI,20,1995-08-18
true,639,TnzjDd,6,2000-02-13
true,212,nPnCsj,14,1999-01-08
true,932,AmrvAU,6,1998-08-06
true,1080,oIEJhD,4,1991-09-08
false,963,UoORDX,12,1997-10-31
false,1435,XinHwG,18,1990-09-13
true,1928,bxBJXm,21,1991-04-18
true,323,FGJGed,10,1991-03-28
true,128,dybkZV,9,1998-07-05
false,455,zZbnoB,13,2000-02-23
false,490,tPULQW,14,1997-12-28
true,1888,ziABoM,13,1997-08-27
true,1446,QXLybv,1,1999-06-26
true,680,CvLnuq,24,1996-08-06
false,1438,KLXnxd,10,1991-03-31
false,767,KVjAby,22,2000-03-23
true,1069,mNsYNQ,19,1995-02-19
true,264,JYLfHC,7,1999-06-06
true,574,blDfNr,13,1990-12-31
true,350,WLzuFK,9,1994-07-13
true,1445,MtaEFx,20,1995-10-20
false,1185,qzOkjp,22,1998-09-05
false,1989,nOpKQp,12,1998-11-12
false,529,uuwtiD,13,1999-07-23
false,1158,hDTEsj,18,1991-10-01
true,1600,WGvCAn,6,1999-12-03
false,1998,IZbcru,10,1993-07-03
true,891,vcXqOd,21,2000-04-07
true,215,jYbXqc,2,1992-08-18
true,981,XdkVVq,6,1993-03-21
true,1455,boARqp,1,1999-12-30
true,909,UTCzdG,1,1992-07-22
false,1316,MCKnwE,14,1991-10-10
false,946,TjYnkK,4,1998-08-20
false,1629,AjoekW,23,1995-02-04
true,1181,sNUYBA,17,1995-12-04
false,1843,lmMAJl,1,1990-04-16
false,556,FPyllv,11,1998-12-21
true,1096,CTSoSv,22,2000-03-15
false,1173,WBpqJY,3,1994-04-01
false,1137,ysleiU,21,1993-03-27
false,1721,zXBPeQ,6,1994-03-29
true,875,iKkXzn,11,1996-08-01
true,943,YwIkrj,22,1998-02-06
false,1037,XrDVwf,24,1995-09-29
true,1494,GOcRlX,1,1993-11-22
false,611,MbgAYc,12,2000-08-05
false,1846,uIWhkX,1,1997-04-08
true,1266,CCjvEx,7,1994-08-24
false,1043,bQmuTv,7,1994-11-17
false,748,wlkThK,17,1991-04-24
false,611,aReDmr,19,1996-11-16
true,420,zFlonh,8,1996-09-04
true,479,uNrMLU,10,2000-09-16
true,150,nbafBn,9,2000-08-09
false,896,ITowLI,13,1999-12-21
true,682,qTKmzn,9,1991-09-12
false,1706,EzVBEL,15,1991-01-15
false,283,EhCRpR,3,1990-01-10
false,930,HgvEmb,7,1992-03-24
false,753,NPNWYm,4,1996-01-16
false,1584,HoogcH,16,1999-12-16
true,934,dYykTI,15,1997-12-22
true,294,tAAFsu,22,1990-10-07
false,1440,HlKFJj,6,2000-07-29
false,693,lZZiTe,18,1991-03-14
true,1585,foLhIM,22,1998-06-19
false,937,ozmBtN,2,1992-12-07
true,202,jPrWks,5,1996-07-28
false,321,IAiayd,24,1994-12-30
true,707,vClAUu,10,2000-02-12
true,977,IQAHcj,6,1998-02-10
true,1645,NbhDGs,5,1993-09-05
false,704,HPBgRl,13,1999-11-19
true,1033,LXEznz,11,1999-12-01
true,1863,fFORDn,19,1991-11-22
false,1655,RqBYgr,17,1995-02-23
true,565,vUveOw,1,1991-09-24
true,1109,qKzRMY,6,1992-06-01
true,1832,FPByUS,21,1999-08-20
false,732,MnhnIo,14,1992-12-17
true,1844,MQBmpt,15,1990-05-31
false,315,IoGRnI,8,1993-01-10
false,601,VCAYSV,22,1990-02-02
true,1039,nwzIhW,9,1990-02-24
true,1494,cxlQRR,7,1992-08-04
true,1496,CUpQeh,11,2000-11-17
true,1038,mPLPPV,23,1993-02-03
false,909,aroKDY,9,1998-09-17
false,1439,mcZiyk,6,1991-10-06
false,622,wqRRnB,23,2000-03-16
false,1003,jFrcSA,9,1991-06-02
true,618,ZFQYZF,23,1994-09-25
false,253,iniODL,23,1994-03-28
false,1618,aFwdvk,17,1995-07-24
false,1969,wwTQLN,21,1995-12-15
false,1942,hDDtBF,2,1994-10-08
true,257,hYEnCK,17,1999-02-09
false,613,PdvGRB,1,1992-09-02
true,1084,fkyGGn,8,1997-08-12
true,1349,LFCIvp,10,1990-12-13
true,942,wFqARw,13,1991-10-17
false,1075,Fkgpun,1,1991-11-06
false,118,mqzjuE,6,1995-11-22
true,1822,pDQHip,21,1993-02-01
false,126,BgRprG,5,1992-06-13
true,1574,TzALwO,15,1992-12-05
false,1711,wFumpw,1,1994-12-11
false,1602,NrAQhd,24,1994-01-09
false,836,YhTKVm,15,1994-02-22
false,527,EaDLMo,13,1994-02-06
true,1246,ZWEliK,23,1992-07-04
true,255,ZNSdyN,23,1994-04-10
false,1029,xjJmut,5,1992-10-18
true,107,FMzqXL,3,1993-02-10
false,1666,PupCxc,23,2000-05-13
true,1648,SeDspz,15,1991-08-31
false,1626,MwxXGq,20,1995-08-14
false,1093,GKnvuu,12,1997-04-25
true,613,qAFiIy,9,1997-06-09
false,1194,QAjEwd,3,1990-01-28
true,658,xrROkQ,9,1993-11-01
false,929,hWNBMR,22,1997-04-03
false,856,QZPyOO,23,1990-05-17
false,1857,ufVaFm,6,1990-02-09
false,1375,xlbxEK,3,1993-03-06
false,747,FmVXDC,19,1991-08-30
false,981,pycZtA,13,1997-06-30
true,134,xCuyOh,3,1990-09-18
false,315,LDZNOY,19,1991-08-08
true,947,szgtXQ,5,1992-05-04
true,1979,yZLXly,6,1995-12-04
false,660,oyFauv,12,1995-04-02
false,164,CaYhUz,1,1990-06-10
false,1362,DOyfBv,4,1992-11-19
true,1007,dvlFMh,18,1996-11-04
true,1192,SXMRFn,24,1992-12-15
false,1775,WaVVsi,18,1990-01-04
false,807,JuWUUl,3,1993-01-08
false,1607,jrMSOq,15,2000-05-18
true,924,ZcHBRl,11,1991-02-18
false,200,fCYUFu,8,1998-08-21
true,1670,fSTkcL,24,1993-08-24
false,886,HpfROW,16,1990-04-13
true,1608,tftNgw,15,1992-10-31
false,771,CmHfZB,24,1991-07-19
false,1586,tpUJHi,13,1999-05-12
false,611,xHOEEB,12,1999-12-16
true,1540,IThLiE,10,1994-09-31
false,1619,PqQnQl,16,2000-12-30
true,712,YTWrUV,12,1994-11-17
false,1589,xQMKFo,7,1999-02-27
true,1364,RjygoN,3,1995-03-18
true,183,KIoiYB,14,1995-11-23
false,530,nPFTnX,22,1997-03-23
true,1586,vxciSj,7,1990-11-30
true,1103,FRirdh,7,1993-07-12
true,954,IAdiSd,20,1993-02-07
true,770,XAXUHI,11,1998-02-15
false,868,cfDxWE,21,1991-12-31
false,1110,WSJRpi,5,1999-08-14
true,1047,SwltUB,13,1991-05-06
false,220,DGfmrH,18,1995-04-24
true,209,aeZlQD,22,1999-07-01
true,1623,xIcCLF,18,1990-11-15
true,1590,Azleji,12,1993-10-27
false,1984,fyUsKm,22,1997-04-09
true,1108,jekPhI,7,1995-12-24
false,238,mauynY,13,2000-12-13
false,615,YiFwxG,16,1996-06-02
true,1502,yxuqDl,17,1992-08-21
true,1895,LgxkpY,21,1994-09-07
true,313,wspmnv,16,1990-04-27
true,635,qygype,11,1995-02-21
true,1875,oNDCin,18,1990-11-01
true,372,WPkReH,21,1991-06-21
true,1881,cnrNmu,12,1995-11-11
false,590,gJAwuo,5,2000-02-05
false,899,tBvkhB,8,1993-02-22
false,763,TFmXvJ,15,1999-05-30
false,1528,sFxxkK,18,2000-06-19
false,368,OxQZCs,7,1999-06-03
true,767,Ftoakg,16,1997-07-16
false,521,RlqedQ,8,1990-10-29
false,1931,sEFKUw,20,1992-01-31
true,274,IaegQq,23,2000-11-06
false,1789,xLVujv,21,1999-09-13
true,810,owNaCd,19,1990-06-26
true,1377,BBqJVm,24,2000-01-12
true,1026,raSsjW,13,1991-09-27
true,1664,AqKZsg,4,1992-02-01
false,1043,TSqPXs,21,1998-04-14
true,1273,IbTTNR,4,1991-06-30
false,648,MVQrIa,12,1995-07-11
false,459,KHccox,15,1991-02-20
false,651,kAiAeR,17,1992-11-23
true,1112,ECxPnv,18,1993-11-25
true,618,NiykBy,7,1992-10-25
true,1372,AQHhlq,21,1999-12-11
true,611,hkTxcU,12,1990-01-16
false,1265,YQVWsZ,18,1995-11-25
true,518,hnriYa,20,1992-06-05
false,254,vBcBjt,13,1996-05-05
false,1422,aUGPVh,15,2000-11-26
true,1383,nZecxJ,21,1995-11-20
false,1669,wOXnZa,11,1993-01-30
true,1320,wRiZTm,15,1992-02-13
true,1827,fVmPBZ,17,1990-11-13
true,523,nWatPa,15,1998-06-21
false,1759,sHHUcP,18,1997-02-23
false,1843,zKIOcX,12,1997-08-27
false,1767,ezDNYn,14,1992-11-26
false,780,ohtPZt,21,1996-08-04
false,824,UDOxvf,10,1992-11-13
true,1748,kXmQOO,4,1990-10-20
false,1054,kRMhVq,4,1998-05-01
true,315,IbOLim,19,1997-10-24
true,669,EvHKbz,2,1997-12-28
true,1829,LiJsFs,1,1995-06-06
false,1719,XSZXFs,22,1993-06-29
false,565,rtUjjx,22,1992-08-19
false,221,UJowHk,16,1994-12-11
true,774,yjmhGf,15,1999-09-05
false,1255,ugaXQm,14,1999-11-12
true,729,ezzuvG,3,1993-05-13
false,844,TrXmVr,14,1990-11-19
true,1549,BJPYPc,6,1993-05-10
false,1059,WcmsPV,17,1992-09-22
true,614,uptUsr,22,1996-04-17
false,1393,pdheLP,11,1997-04-10
false,1723,RplHkj,16,1991-04-13
true,1972,UUdWse,4,1994-06-09
true,1769,PETKYE,9,1997-01-05
false,1493,XAfDDa,8,1995-05-23
false,900,jtyKNG,1,1992-06-10
false,600,ktSpgJ,23,1993-05-29
false,465,phxvQj,4,1998-02-28
true,776,ARCxXf,10,1998-06-14
true,1537,PGUGgv,19,1990-07-13
true,220,yVMxxd,17,1998-10-27
false,1416,RqHEjY,12,1993-04-27
true,514,QYYpaq,12,2000-03-02
true,413,gwFOdU,12,1997-05-13
false,1128,xMHAAS,18,1991-02-08
false,949,dGEbyx,1,1992-10-15
true,1981,jDRLhH,18,1998-12-14
false,220,ZaHQRX,15,1999-06-12
true,1926,LmQuCD,3,1998-02-01
true,1778,mrVrxZ,19,1991-07-02
true,698,XpIhbn,19,1991-03-05
false,548,DCJFAH,17,1993-05-14
false,689,wyRZkJ,13,1995-03-20
true,1761,HRPSJc,9,2000-08-31
false,199,PDkyck,18,1996-08-06
false,1343,HjysMm,17,1991-07-16
true,177,DVmaGe,16,1997-01-27
false,1715,XGIikj,18,1991-04-28
false,553,SAsItk,6,1990-01-16
false,1410,MsVDvX,12,1999-03-25
false,1635,IedwFO,4,1990-06-10
false,1264,QpYvsk,14,1990-10-30
false,431,mSbHyM,15,1998-07-12
false,1262,zNkveP,1,1999-03-06
true,759,LKkKgH,19,1996-04-23
true,1975,agtdGf,6,1991-07-13
true,1542,IDYkgO,17,1991-12-04
false,667,fCfbpX,19,2000-07-06
true,1161,STtRYv,10,1995-01-19
false,988,GEfHeE,4,1996-10-28
false,1383,nmnvlV,11,1994-06-29
true,1095,AqJrjl,15,1997-12-31
true,1833,HRKQSu,22,1990-04-09
false,1702,RMFCYL,9,1999-02-16
false,1400,iiiBFr,12,1990-06-06
true,1915,oKhisq,14,2000-11-25
false,357,IarMaR,11,1999-03-18
true,455,WkjEvD,14,2000-11-19
true,392,NmChbw,23,1998-03-22
true,1647,vekxHZ,7,1997-05-08
false,1691,lQEeCg,17,1997-05-04
true,1636,HowGmv,3,1991-11-04
false,480,wtLYYh,20,2000-05-22
true,937,endWtf,19,1991-06-30
true,144,tKtrJL,20,1990-04-30
false,1008,nYLIdm,9,1995-08-27
true,536,KbGsNu,2,1991-01-28
false,1854,zIdjvf,11,1991-04-27
false,439,Gabsjo,11,1999-12-01
false,312,vZfNPl,8,1999-03-19
false,381,ckwAMi,13,1997-07-02
false,1695,KaVUfK,1,1998-07-20
false,1011,NEERTh,17,1991-11-14
true,652,xSkech,16,2000-06-22
true,565,qLEIBl,10,1996-04-07
true,123,UcskRK,14,2000-03-07
false,1577,wOhliD,13,1990-09-18
true,552,MulRRf,8,1994-08-14
false,1896,LCmVJl,3,1990-02-25
true,815,xWcaUX,19,1992-03-28
true,1351,TyPCZs,15,1994-07-09
true,815,ETAhre,17,1992-04-18
false,912,aeerJz,11,1991-10-15
true,529,mAWktr,11,1995-11-07
false,582,fgRhnS,10,1996-08-11
true,1243,hVtwbt,17,1992-04-09
false,768,FVdMOv,7,1998-03-17
true,1228,EJIRMT,20,1995-06-27
true,212,GzzABv,14,1999-12-28
true,980,VlXVij,20,1995-07-22
true,815,GXfCAJ,4,2000-01-04
true,177,wwnnMl,5,1995-10-16
true,409,nsqPFt,12,1996-01-03
true,834,Qhlydk,22,1991-03-02
false,636,QFHEWe,8,1998-08-06
false,1579,bXNfSg,15,1995-01-13
false,1700,eOFtMF,22,1990-02-11
true,1933,PAiioM,1,1996-07-23
true,1779,ERLJYz,14,1997-12-16
false,398,yOzbEr,23,1992-04-08
true,1646,HTkJvp,12,1996-02-27
true,1192,WfwmKt,17,1994-01-13
false,407,SHiLxy,19,1994-06-05
true,1308,YbxPlf,12,1997-02-05
true,1851,EJQLXF,20,1994-03-16
false,155,ZFdcKk,14,1998-01-23
true,285,jcQAuI,8,1993-10-23
true,760,NvViDq,15,1997-12-17
true,1726,phxgER,1,1997-06-11
false,948,prkzJr,20,1990-10-16
false,1419,aheull,3,1992-11-09
false,1008,qpOOBP,15,2000-12-14
false,1667,zFWqGw,17,1994-11-12
true,1168,MosGhd,3,1998-07-23
false,1179,kzeUVS,9,1990-09-16
true,1964,ZFxPcW,5,1995-07-26
true,290,ZHVAcf,12,1996-08-10
false,965,whRfLx,10,1994-12-18
false,597,UlZkth,6,2000-03-28
true,1130,klczEc,12,1994-09-29
false,1905,IbBfYG,17,1997-09-28
false,1099,JoyTYw,14,1998-08-18
false,419,dRnHKi,4,1998-02-22
true,1851,NUolJq,16,1994-07-14
true,1887,uUwAHI,21,1992-02-17
true,462,WrGCog,2,1997-05-17
true,1766,eueHYh,17,1990-04-30
true,963,TEJxyG,17,1993-05-23
false,835,eyEdBT,21,1991-01-05
false,829,psbIQA,8,1991-01-23
true,1300,utpVXc,16,1997-02-02
false,1856,WclGAA,7,2000-02-16
true,1328,KJhZrZ,19,1991-11-14
false,634,ZrVcXo,1,1992-03-07
true,550,kHTPUt,2,1990-09-06
true,946,yUWexY,5,2000-11-01
true,1704,yzYPpv,14,1995-10-18
true,1128,wybccZ,23,1990-09-09
false,292,eNqrDq,13,1997-05-15
true,1260,qgMaXo,15,1994-09-22
true,1515,JRksse,20,1999-02-09
false,1815,YBXdcy,9,1999-07-28
true,183,LGxqsM,3,1991-09-08
false,907,uaJWeg,9,1994-04-30
false,1016,uWQMZC,3,1997-05-20
true,1530,JmHmpz,18,1997-11-02
false,382,yRjkqS,2,1992-05-20
false,342,AsbjGO,1,1999-11-19
false,1804,kwICqY,21,1995-02-18
true,1935,bCokpe,9,2000-05-20
true,1778,kWqCkH,12,1993-11-24
false,841,jWzWCG,14,1999-08-25
false,138,yoeqCz,10,1990-09-02
false,1945,SbgZBZ,13,1995-06-18
true,1220,WpKmFF,18,1991-05-16
true,1710,jFnLdx,16,1991-05-12
true,752,ZUmthS,13,1997-09-15
true,669,snMmja,8,1991-05-29
true,489,vCcOzP,5,1993-08-01
true,613,uMwlJy,12,1995-03-13
true,542,qfiGml,7,1998-07-01
true,1915,RCaBEq,21,1998-03-05
false,558,MMwtFj,8,1996-06-19
false,228,yJgzqy,13,1995-04-31
false,783,NXnRlE,19,1991-10-24
false,476,XUfXHT,12,1990-08-09
true,245,bCSTfV,10,1999-04-13
false,831,cMLonE,20,1998-01-15
true,356,pzaVal,19,1990-02-24
true,900,IybvBi,14,1992-01-27
false,379,nnjDno,17,1998-06-19
true,1664,iBxWXL,23,1995-03-22
true,485,KeFTHK,10,1996-11-19
false,1520,KNLKLp,7,1991-06-13
false,185,HUOQET,4,1995-12-10
false,542,kzzkOa,7,1991-12-25
false,336,aHTjBj,24,1990-12-19
false,308,FgMwOR,13,1993-01-03
false,1465,CHWMCj,17,2000-08-19
false,669,xIQYnC,24,1990-12-11
true,1783,ynyxsY,8,1991-07-16
true,909,VDzBrD,23,1999-10-24
true,154,adMWZr,21,1992-08-10
false,322,SPWBjL,16,1991-02-26
true,1499,idNUSu,16,1994-07-30
false,1133,MgDTli,14,1996-08-05
true,958,YRSZPP,11,2000-07-06
false,1727,SImVGX,9,1992-06-05
true,1024,jBRfuK,20,1995-04-28
false,1211,EvKejg,8,1998-05-18
false,840,PskjSS,18,1995-09-29
false,703,sSdsrS,13,1993-05-29
true,1715,livSDk,21,1995-03-01
true,971,kHsXZN,19,1994-03-19
true,1810,ZAgTLO,10,1993-07-10
false,1655,GQDTmQ,16,1991-01-10
true,1967,SocfWp,20,1998-05-16
false,475,NtDQfh,7,1997-12-27
true,649,VQZIbW,21,2000-08-12
false,695,RUSIuE,20,1994-02-21
true,959,yxKZpd,20,1997-03-25
false,658,GWwZLD,13,1990-06-22
false,1903,VHDlKD,15,1992-08-11
true,354,VnlwhD,17,1990-04-30
true,1235,GuDfys,19,2000-08-06
true,250,QNtZYH,9,1996-08-09
false,1463,jDZQEP,15,1993-04-10
true,1569,JEWcwq,13,1998-08-29
true,1522,kpCrBL,24,1995-06-10
true,168,PmhWuO,13,1997-09-21
true,1600,RYWJtb,6,2000-01-12
true,386,wcRZTA,18,1999-10-03
false,1442,pMNHJZ,8,1999-12-01
false,571,XiEGuF,23,1996-07-04
true,559,JBRqnH,8,1996-04-10
true,1455,eEAYiz,3,1991-08-18
false,1363,VhUAmG,18,1991-07-05
false,660,auruAu,11,1999-11-30
false,167,tPqzUC,5,1995-09-02
true,1253,ehPHqb,20,1999-02-01
false,1386,PpsRmZ,22,1992-05-05
false,1778,dRmYrl,12,1992-05-08
true,1366,zAqaQY,23,1996-03-02
false,1785,BllpmR,24,1996-12-24
false,1785,irvuhw,24,1992-11-21
false,514,wziWFr,2,1992-09-04
true,308,jyLEqH,18,1996-12-08
false,102,ExBSyj,22,1993-10-25
true,1022,OuvHCw,6,1998-02-06
false,663,uzfspI,21,1992-05-30
true,197,YHlLWP,16,1991-02-22
true,674,guRXMX,18,1993-03-05
false,164,IqbKem,11,1991-05-31
false,1026,EtbjwO,4,1991-11-10
false,1179,XmJviE,1,1990-05-09
true,979,pkZaLX,9,2000-06-30
false,1897,eWbVOM,17,1992-12-29
false,1895,gZlPKc,8,1997-05-23
true,676,KEqFEX,2,1991-11-20
true,455,gkOIDx,9,1991-10-28
false,1568,kuRQGp,14,1990-10-11
true,1966,URxFzg,24,1991-11-29
false,1760,JbgGFe,11,1991-08-18
true,892,byJxlp,16,1992-02-18
false,1303,YgrfNW,8,1990-11-14
false,1039,UKwUhL,9,1995-03-21
false,1193,PmVfhg,12,1997-11-08
true,164,fkzDnV,15,1999-09-15
true,1844,UJXEit,2,1998-09-06
true,1980,DuiBGW,17,1990-11-10
false,1248,kMCCyt,15,1992-11-29
true,944,knRfHj,16,1993-01-10
true,1758,hdOzDC,9,1996-08-29
false,103,YtaLgL,6,1992-12-21
false,955,THLBTo,18,1991-04-22
false,977,zWITRn,19,1991-03-16
false,1998,VghVbi,13,1991-03-16
true,1071,MpmAwE,8,1997-09-05
true,1910,BtRgUO,15,1990-05-11
false,1332,dXIaET,6,1993-10-20
false,749,vHBUAk,22,1997-07-03
true,333,CFTzPx,16,1993-12-17
false,1861,ZVxcsT,16,1999-04-11
true,1743,KiGIlO,5,1996-01-19
false,1387,DGRljr,16,1996-12-22
true,1849,kQEMnV,11,1999-08-17
false,1918,eUKGqG,12,1992-06-15
false,1974,rhjoCA,5,1998-01-01
false,687,jwnVtX,22,1994-09-29
true,611,ukOtNm,11,1995-06-30
true,1711,miIiCV,17,1996-08-22
true,786,DyBaqY,20,1997-07-15
true,1826,AVHWWL,21,1994-03-05
true,680,AHkuwc,16,1993-11-14
true,968,TFHyNO,6,1992-03-04
true,1683,SaqcAn,7,1997-09-08
false,119,CfGLfD,22,1993-06-26
true,806,fIOiwt,2,1998-12-28
false,247,HARVzm,3,1999-02-25
false,1611,yjPgXG,22,1997-07-23
false,1859,nHWEhm,21,2000-04-27
true,185,MmFJaA,24,2000-05-20
true,299,psIuwM,19,1997-03-18
true,939,RRiNBI,6,1996-02-13
true,604,YGlxqB,23,1995-12-01
true,1404,YtsKQb,19,1993-05-07
true,1058,jQVqnq,9,2000-03-09
true,493,FnHSYR,15,1997-10-09
false,447,xKNkCQ,2,1999-05-19
true,1688,ExexaF,2,1996-05-14
true,125,TcfYqh,19,1990-08-16
true,194,DCZRcl,15,1990-07-23
true,1018,DefMON,16,1995-03-11
true,1853,zCkGSr,2,1990-08-05
false,1433,WNGyQJ,3,1999-11-20
false,1459,ENRpfe,21,1990-02-21
true,1087,xlyDBt,17,1996-04-30
false,1962,VCAfBI,23,1992-06-01
true,378,gWXZPP,3,1998-05-31
false,1128,wqMgXI,21,1993-04-16
true,849,JsgefG,2,1993-11-03
false,1085,ccvtij,20,1994-04-14
true,1805,XUurwY,24,1994-03-12
true,837,zhnNnx,3,1994-09-18
true,432,AmESYT,5,2000-05-27
true,1694,XyzYIR,9,1999-03-28
true,944,iVxLWJ,22,1991-12-28
false,1645,iUpWRs,11,1996-04-28
true,494,wsZsLK,21,1992-10-24
false,524,tPHtfJ,15,1992-11-31
true,695,ZqtLzz,9,1992-07-24
false,1340,hrAmfk,23,1991-06-06
true,1376,seqqFH,7,1994-04-30
false,218,WQlVjp,2,1990-12-11
false,945,aBWove,23,1990-05-21
false,247,dKewWl,18,1991-04-22
true,1480,hQcUDO,7,1997-11-21
true,1786,wFlIfn,16,1993-07-21
true,1837,dIFDnj,15,2000-02-24
false,1658,YVugPq,7,1991-08-07
false,588,LJWgkw,2,2000-07-23
true,1162,dguBdQ,16,1995-04-20
false,639,TwzgtA,9,1992-03-22
true,1340,RIJGYw,19,2000-12-30
false,1868,tyhSxk,15,1996-09-08
true,111,iTRpEt,5,1992-02-20
false,282,SLCthQ,15,1999-09-03
false,1772,cbAIwl,22,1993-01-10
false,1228,nUnagg,21,1993-04-08
true,1937,DUpAsa,1,1992-10-04
false,1150,BGRTtf,4,1993-06-12
false,640,sTMUlg,9,1991-10-26
true,673,eujQWg,7,1997-05-13
true,760,cGjhhn,13,1991-11-29
false,395,TgYzvg,21,2000-06-19
false,1023,xqYtvj,2,1990-02-07
false,1541,mjJjEN,13,1999-10-30
true,1395,iKbbpm,20,1995-10-26
true,1572,QsSZfs,9,1996-02-20
false,1358,BAqhOi,18,1995-05-08
false,1826,oHKRxg,23,1992-11-14
true,282,sQPwHq,22,1998-01-13
true,1128,sJlhBb,3,1998-09-24
true,351,yuKDJa,21,2000-04-31
false,1650,VNhUek,15,1992-04-21
false,1165,AzDsQD,20,1995-05-17
false,1399,esoytN,2,1992-07-07
true,456,bTxzwy,17,1999-01-13
true,763,ZVlweu,14,2000-06-05
true,863,lTFbIQ,4,1994-10-23
true,809,imTtzX,12,1995-01-14
false,1032,oEiCcu,19,1993-01-07
false,310,hqbDum,12,1992-02-11
true,732,ULqFiH,15,1992-07-26
true,1161,khyanv,19,1991-06-17
false,364,bjmXxg,9,2000-07-04
false,254,KBengb,20,1998-01-08
false,766,ZoShnU,21,1997-08-11
false,171,KgdXZP,12,1996-08-24
false,1448,dCvpHW,13,1994-07-26
true,1999,lBmNtA,10,1990-01-19
true,1138,heqMMl,9,1999-07-14
false,1097,gfMSBT,9,1997-07-28
true,736,rwTRmK,5,1990-02-19
true,1395,jUPyUE,22,1994-04-19
false,429,UxlYzy,24,1997-12-12
false,1135,gxaKgw,7,1990-08-03
false,1053,yawCvD,6,1999-06-30
true,1803,fiHGEl,18,1998-06-03
true,1713,IGBoyi,5,1990-12-06
false,715,eOeTZj,11,1997-09-05
true,396,iSXJzd,12,1993-01-25
true,237,DjRPuV,9,1994-06-19
false,794,jwDqjg,1,1993-11-18
false,261,VYJljh,3,1997-01-02
false,1922,taxJiP,8,2000-06-03
true,641,Xuhfzm,12,1990-09-30
true,1902,vhnUFj,8,1998-10-22
false,338,tkFAXn,11,1991-04-19
false,1176,xIqOLk,5,1999-05-12
false,101,iMdvLK,23,1994-09-25
true,1959,wHRASL,22,1996-04-01
false,1678,VaJFhf,15,1993-09-10
false,1167,hWmZys,23,1995-07-09
true,1372,ZgZjZC,2,1992-11-08
false,1902,zprhYG,2,1996-03-01
false,1617,CiMtuK,7,1990-11-24
false,1944,ioEZWI,5,1997-11-02
true,765,dJfWNU,16,1995-08-21
false,1449,TVpsdJ,21,1996-09-01
true,1323,FisQFK,13,1991-09-29
false,549,xlpuQA,9,1999-05-17
true,426,SPBywU,6,1997-02-05
false,1226,ZPKgGJ,12,1999-02-12
true,447,tIFKRW,7,1995-12-07
true,1099,ARwCLp,19,1990-09-26
true,1322,nwtuNh,7,1997-12-26
false,459,sxZqeD,17,1991-05-02
false,496,XaNWcG,9,2000-11-20
true,442,jiZVXd,11,1991-05-06
true,1637,iYiVjp,8,1994-08-14
false,1799,TxbsmS,13,1995-06-09
true,1010,AIXYqs,15,1995-04-13
false,800,qmVqtX,22,1992-01-16
true,657,wiHSkS,23,1993-09-16
true,1320,XCNlzD,16,1999-04-14
false,1251,vCmHAH,10,1990-03-02
true,1799,VaejAh,8,1995-01-21
false,1286,hjHLjs,1,2000-02-01
false,562,yiNnaT,11,1997-03-27
false,1306,ZKAdkt,10,1994-05-11
true,131,DiarGh,18,1994-06-28
false,1353,APpIUU,19,1999-01-11
true,662,qzqibx,8,1997-05-07
true,459,DDFedS,6,1990-10-23
false,1470,jYUNtm,12,1999-04-29
true,637,iOwoDe,2,1991-09-16
false,819,NSEYJs,7,2000-07-22
false,107,HmrHRr,20,1997-07-27
false,1969,GGlXFC,5,1996-12-10
false,1146,FDBiAd,18,1997-05-16
true,1810,QchOYf,11,1998-10-04
false,1190,mhlacu,5,1998-02-22
false,1170,TYVwrD,11,1994-07-10
false,550,wPSJPP,17,2000-03-16
true,638,HfLSnA,6,1993-10-14
true,1593,ryHOgw,13,1991-10-16
false,1683,nkNkwN,9,1990-04-21
true,1460,HmmYee,5,1996-02-11
false,1851,RmYWeZ,2,1997-09-07
false,1315,LkgafW,16,2000-12-05
true,1389,cFEFIJ,11,1998-06-03
false,1030,Kkkldu,11,1990-01-14
true,1712,iOINjv,21,1994-11-15
true,1300,ksnfMs,17,1998-07-18
false,1472,lvTkar,6,1993-07-31
true,783,MMblCF,5,1999-10-27
false,156,rNdhMD,5,1995-02-19
true,1214,KPrfPu,3,1996-10-18
false,666,CGHgYN,14,1997-11-06
true,445,YtUbRT,10,1992-04-29
false,1652,tDvHtr,9,1998-09-27
false,792,xxOczA,19,2000-10-23
false,1195,SqxPtU,4,1992-03-09
false,1852,jCrQDk,20,1997-08-15
true,1301,EQsyjN,19,1998-06-11
false,1321,QtxBHB,24,1993-08-19
false,1887,zIGoGw,17,1995-06-03
false,780,ZEiZxn,15,1991-11-24
false,364,wtAUKx,4,1997-03-30
true,1684,eJtvla,16,2000-11-16
true,915,BDANTe,9,1997-11-03
false,1314,xVhltF,24,1996-07-31
true,1901,MyXLAP,14,1995-09-15
true,354,GpIObA,20,1995-10-09
false,1700,FmIoIL,23,1999-01-27
false,1400,dTqrHf,13,1990-03-31
true,1872,GEBzYP,23,1991-05-15
true,1527,VbpgDs,20,1992-04-25
true,1054,xPmfvY,4,1992-07-09
true,1499,MAqAzl,3,2000-03-27
true,1753,zTvWVT,13,1991-06-15
true,1010,wgYiwu,23,1996-11-15
false,1630,rzDCvm,6,1999-08-25
true,1118,kvjaBG,16,1996-08-06
true,538,kmJlgT,24,1991-09-11
false,1041,MnbdUY,18,1995-12-04
false,1030,GryoDD,11,1990-06-21
true,1155,xOVboV,7,1993-12-13
true,1552,auHuTN,18,1998-04-09
false,946,VWsCXx,3,1991-04-20
false,772,YVDLaz,19,1993-12-02
false,1066,SepLaw,16,1998-11-15
true,1998,AmKoHh,16,1996-04-10
true,1480,Boujzb,1,1996-01-24
false,480,xnlEIN,10,1994-07-09
false,1976,KPxlPx,22,1995-01-14
true,1687,PuhiEo,22,1990-10-23
true,262,ZReCAv,8,2000-05-28
false,1159,lWaWLq,19,1993-12-18
false,908,dNJATl,9,1993-07-04
false,1557,yYbTjj,21,1999-05-07
true,992,BUvrSy,9,1992-07-11
false,420,PHUdqM,5,2000-12-22
true,1534,QRAAsH,21,1996-11-31
true,881,fcoSwl,15,1998-09-07
true,923,NSvpvd,7,1994-10-23
false,950,DjkBhM,12,1995-10-31
false,574,emyTHL,22,1992-08-22
true,577,UUSvQh,12,1990-12-11
true,1657,nxhDAs,15,1998-01-18
true,857,liAllJ,1,1994-06-03
true,1785,BTSnAJ,24,1993-01-05
true,1646,gfDOmm,8,1990-06-22
true,282,ROFaMf,1,1998-08-27
false,528,hUEtGp,3,1996-03-01
false,795,IFqhJv,2,1999-04-18
true,472,OzigmW,2,1990-11-15
true,1304,QGmMMm,17,1990-10-31
false,376,SqHjnl,23,1998-10-02
false,1893,owBcCI,2,1994-07-12
false,593,nGqMkh,24,1999-12-11
false,187,sXQTyV,13,1996-09-21
false,876,ECSnPx,10,1991-12-09
false,733,zuIcBu,13,1992-12-03
false,1966,OYHsKv,17,1991-05-22
false,1123,AekGWq,11,1993-11-11
true,282,UshMXE,14,1990-04-04
false,1508,ZmKbbp,19,1990-06-27
false,1814,fLoYYW,8,1991-08-11
true,1732,pvdmCB,6,1997-11-08
true,1140,yRvCID,13,1990-08-06
false,527,ogTzqv,13,1994-02-06
true,164,URLhAi,3,1995-08-29
false,1801,HGGNXv,7,2000-05-20
true,1633,BwfOUe,7,1997-02-05
true,1013,uyqnpJ,17,1992-08-03
true,393,nKAlzZ,3,1995-03-05
false,714,pbdeNM,17,1996-01-20
true,1049,SyHDLa,24,2000-07-04
true,1195,nkjgKT,3,1993-01-23
false,1409,uePCHT,7,1994-12-29
true,455,EhsrAz,5,1995-02-24
false,433,vgShXG,24,1999-09-04
true,1036,vXhrxS,10,1991-04-03
false,1800,aZIAfC,4,1991-06-04
false,833,YZnOTn,15,2000-06-13
false,274,UMTcUh,22,1996-03-05
false,505,rBQuks,12,1992-02-13
true,977,fXOzEG,11,1990-07-13
true,1699,ykLhWZ,18,1991-04-26
false,1293,kuqEbr,3,1999-11-05
false,841,zWFovG,6,1999-08-26
true,930,iquXLf,12,1999-01-16
true,1876,XiHQAl,1,1996-05-13
true,343,oLOJss,12,1994-07-13
true,1975,oqQbQg,14,1994-11-11
false,1885,guHMxf,16,1999-06-12
true,1953,qQagyI,9,1991-12-15
true,571,xVifAz,3,1993-12-27
false,1387,CxDVQh,11,1993-01-01
false,646,sfVngw,21,1996-03-27
true,981,KtUaxH,21,2000-01-06
false,945,VUHBQP,11,1994-11-26
false,234,DvDFfu,18,1997-11-18
false,1536,ddHQsm,11,1996-06-29
true,1328,uyMjHW,17,1997-08-23
false,622,UvUyOy,5,1998-01-21
true,852,GTXAdo,23,1993-01-18
true,1849,TgRThe,11,1990-09-30
true,206,nhdhbQ,7,1996-05-22
false,935,IGxfJY,6,1991-09-13
true,145,KUMmUg,17,1998-09-09
true,1176,xMoXNe,23,1994-01-17
false,816,QtjyLs,6,2000-03-24
false,1120,VyEnGz,13,1995-05-22
true,1330,dTUeRv,17,1990-12-31
true,1503,WUwyCx,5,2000-06-29
false,1792,IFDJGa,13,2000-12-12
false,309,zJdgOS,2,1999-04-02
true,760,mZahPc,6,1994-02-12
true,467,DUUctb,4,1997-11-31
false,1912,yuLpBt,24,1990-04-29
true,1109,LqrPWd,23,1997-04-20
false,438,eMqakn,3,1990-06-07
false,1052,nOLLEX,7,1996-02-02
true,312,LgZQHn,9,1996-03-29
true,1085,OaKpBD,1,1991-07-24
true,1806,CvYwDu,15,1996-08-09
false,273,DDyKqr,11,2000-11-18
false,1325,vwsXSp,2,1995-11-24
true,1494,gCegYF,3,1990-11-05
true,1591,YvHotn,3,1991-03-07
true,1702,WbXglz,18,1990-08-18
true,692,ApwrnG,18,1998-07-01
false,541,TvbyFO,18,1992-09-07
false,1432,xdbnwF,20,1991-02-24
true,1934,qStYBp,16,1990-11-10
false,978,FIAjCv,23,1990-08-08
false,570,CDuPFB,21,1991-11-31
false,1848,YRQwPD,9,1998-12-27
false,1948,OORHRc,24,1991-08-10
true,1459,uNRwvA,20,1993-05-03
false,284,OHgMxu,20,1995-07-20
false,371,xNsXKZ,10,2000-09-25
true,1958,wDkQpA,6,1994-01-17
true,1072,XXXODb,23,1997-07-14
false,1778,SiSqEt,9,1991-08-14
true,1323,mzTkhz,3,1992-11-17
true,1929,xttVHH,2,1990-09-27
false,257,MIwtTP,1,1992-11-28
true,478,zrwGpd,17,2000-12-23
false,597,GcFLGH,23,1998-07-05
true,155,oaobse,2,1993-08-21
false,682,JCoYWw,18,1998-07-28
false,923,zQtfNN,9,1997-06-21
true,604,OMMOpl,22,1994-07-14
true,1149,FHufvt,19,1998-04-22
true,799,SNcUGF,12,1993-05-17
true,377,RPcSVA,3,1997-09-06
false,1485,LXwmzR,10,1990-01-31
true,1071,UdWelB,4,1993-06-14
false,1501,gzAzvJ,5,1993-08-29
false,1243,eDaEzz,9,1999-04-25
true,505,KSMwss,23,1991-10-26
true,1862,lHAkod,15,1997-10-29
true,1823,TgqejW,15,1998-08-23
true,1426,umxFZl,14,1993-07-17
true,122,jGWcPi,21,1998-08-19
false,1797,JNjhYF,13,1994-05-28
true,1444,WlYPoi,14,1991-10-16
false,836,DjLYhF,22,1997-12-29
true,967,snkkHa,23,1991-04-26
true,775,qQDdhk,4,1998-02-04
false,624,wkyugA,11,2000-07-05
false,1435,fXGqkZ,22,1991-08-23
true,1129,UKpePO,15,2000-10-13
false,690,odIuMN,5,1993-02-14
false,1474,vPmzmr,8,1999-05-09
true,1630,wVgfPQ,2,1991-06-11
true,439,oqOtfr,15,1998-09-26
false,651,JMuFIc,12,1999-07-16
true,135,maxoMl,7,1999-07-12
true,1005,FxcMhR,7,1990-11-17
true,607,BGjfGL,14,1998-03-20
true,1213,wvFHal,13,1990-04-24
true,344,bwsRvd,19,1995-05-25
false,1277,UcFgeq,23,1991-03-20
true,1980,abxvcn,19,1993-07-21
false,793,qaxEgg,15,1996-04-30
false,1429,sPWxLl,14,1999-07-01
false,887,PVwavB,12,1992-10-26
false,1171,dMdATZ,8,1994-07-31
false,149,urqOdY,10,2000-04-20
false,1812,DRjtFZ,17,1999-02-14
false,1970,TLYFat,12,1999-07-07
true,1930,BTuTuo,3,1994-11-15
false,1867,AnmOHJ,15,1998-06-02
false,306,fLQFFd,7,1991-09-28
false,614,vDUFpe,2,1990-03-05
false,534,ZgsdXe,16,1999-04-23
true,1060,gSVJlg,6,1998-03-25
true,1984,cmcexl,13,1995-07-30
true,1686,ryfGer,7,1991-03-07
true,440,evqnba,5,2000-01-25
false,552,kcvHMy,3,1994-04-26
true,591,JojJnt,16,1994-02-14
true,134,CfsBXs,11,1998-10-01
true,1837,mvcCIk,23,1998-03-12
true,1188,xyPuLH,2,1997-05-13
true,1281,BQMwGA,20,1990-04-08
false,1447,kStGCM,3,2000-04-18
true,723,ooYoxE,1,1998-11-01
true,729,mmTbQb,19,1996-03-25
true,1953,EcanrG,2,1993-05-06
true,1097,jUrsmE,11,1990-01-14
true,1395,JScmAn,6,2000-02-06
true,381,mezDmS,10,1995-07-20
true,922,HFkeST,8,1999-08-29
false,1285,BkERyR,10,1990-02-04
false,520,JxLGvM,2,1993-05-30
true,150,QaiWmR,16,1992-02-10
false,1960,IhqODP,12,1991-01-13
true,1349,MoWxhS,14,1991-11-02
false,1663,bPlcdx,18,1994-04-20
true,1097,CiJsat,8,1993-07-14
true,1540,vyagCi,4,1996-10-15
false,979,nsgYGl,19,1995-09-20
true,626,gVLJer,23,1998-09-25
false,1907,DGbiHv,20,2000-01-01
false,1918,jMZrwr,5,1993-03-27
true,1857,tiIZEE,15,1998-03-12
true,525,sLMkqG,19,1996-07-18
true,1619,kSWaiV,14,1998-06-31
false,203,YidtCb,15,1997-04-15
true,1065,WaeVBK,9,1999-11-15
true,785,DZMdXH,8,1993-10-18
true,1514,Rtdzay,21,1990-12-02
true,424,PMVGJb,11,1991-11-29
false,1369,FGtifr,3,1997-07-09
true,537,VVnWUR,18,1999-01-29
true,1380,WvXQNr,23,2000-12-17
true,384,VLbyxb,13,1993-11-11
false,1510,dEgOYe,11,1996-03-09
false,1091,QniEGm,9,1993-12-07
true,628,XqtXSc,20,1990-10-27
false,1615,cpsySt,23,1998-09-03
true,882,kUNqHf,5,2000-02-07
false,1630,bRnTZZ,4,1992-08-15
false,1938,RJWwOW,2,1999-04-01
false,646,MyfSUI,14,1999-07-23
true,1988,xPyKkY,15,2000-05-21
false,1274,NQEJYd,23,1997-03-08
false,1726,YysSKm,20,1992-09-27
true,921,HAvNmG,1,1992-06-17
true,1521,dluGka,15,1995-01-19
true,1374,dwabjE,12,1992-09-02
false,534,wwxDuR,19,1998-08-15
true,903,mVOJrj,14,1996-11-01
true,1290,fqERxs,17,1994-04-18
false,748,UvxnsV,15,1990-07-28
false,1164,aalUFV,19,1992-01-15
true,658,rBJZGJ,7,1996-05-31
true,854,QvCvvE,9,1995-09-28
true,1359,MikTWM,13,1990-11-08
false,603,CJuVws,6,1993-03-15
true,140,YxvSeF,23,1994-11-20
true,1279,BpVRLc,19,1999-08-22
false,899,AfWucm,3,1994-05-27
false,1389,UktFwy,16,1996-07-05
false,248,wjvYNP,8,1996-01-05
false,221,eWanhh,3,1993-10-24
false,1483,toyvpF,2,1991-08-31
true,1126,qsDTgd,24,1996-03-31
false,1975,HPpDIK,17,1996-09-15
false,1753,kwSflO,8,1994-04-21
false,1884,VuPUxv,21,1996-03-09
true,1114,YyHKOF,22,1992-07-18
true,1888,EcSzHT,8,1992-01-26
false,559,nCMZdB,7,1996-06-10
false,402,sCGoXR,18,1997-03-03
true,1714,Dbxynb,15,1998-05-13
false,950,MTNZLP,24,1996-04-08
false,842,JIHwVK,10,1991-03-14
true,1815,dPOIOm,20,1997-10-02
false,1344,IduwJv,17,2000-09-12
true,1571,wNtpZq,4,1992-08-03
false,107,kpTxca,14,1999-05-12
false,1129,kGnDsB,2,1999-05-07
true,998,IidIzp,13,1998-04-09
false,1990,TgkIEq,5,1999-04-03
true,908,CKoEKJ,11,1996-10-11
false,103,vJxKjG,18,1993-04-17
false,1761,XugIKW,1,1993-10-07
true,1539,vRiopK,17,1997-08-27
true,278,mxuacS,11,1994-05-08
true,1142,gIuXLl,1,1992-01-11
false,189,ietGSv,16,1990-09-15
false,468,rgcrze,17,1993-08-28
true,1786,wwlKUU,19,1990-12-25
true,1212,gertHW,19,1995-03-31
true,479,LIioYJ,12,1997-10-14
false,1477,JQzAeW,24,1995-10-30
true,461,fjqScA,15,1996-10-03
true,242,bUrumd,18,1996-08-24
true,1049,noOxBu,3,1999-11-02
true,1854,lgTzcL,9,1993-12-03
false,245,MrZxgK,24,1995-02-01
false,1327,KcNnga,8,1993-09-13
false,1213,ZoyalP,2,1997-07-18
false,818,wJGQVW,21,1990-05-03
true,895,oMjoDw,9,1999-05-06
false,1639,oWHBYS,17,1996-10-13
false,1299,pWrZOF,15,1997-02-19
true,1937,MygGIV,9,1996-11-08
true,1573,eSmtsA,8,1991-01-01
false,1804,nZgjFR,14,1995-05-08
true,1667,ZVWnAV,23,1995-10-26
true,1896,yIAMGO,24,1993-05-27
true,993,VCkdIU,21,1991-09-05
false,256,EoBcFQ,13,1995-02-26
true,963,mnevTi,22,1994-11-18
true,1950,XnMFXt,14,1992-10-09
true,866,GrGFMh,23,2000-11-26
false,227,doZsdA,1,1999-12-04
false,843,BoDluJ,20,1992-09-12
true,418,HTbeMW,8,1991-10-28
false,542,VtoXuf,10,1991-07-01
true,434,kHIzUM,9,1997-06-09
false,650,CUQVcG,14,1993-09-01
true,1495,HdgOHs,16,1996-02-11
true,928,RTscNf,14,1990-10-20
true,1536,FoWkAC,18,2000-03-03
true,758,Fobjyi,5,1998-05-02
false,297,qTEAvI,3,1990-09-31
true,998,XrGZle,2,1997-10-14
true,369,fWXgAu,21,1994-10-05
false,1662,dGFivm,8,1993-10-18
false,166,tgeICt,16,1995-07-25
true,1389,pClIyH,9,1992-09-30
false,1883,jEaudZ,7,2000-10-31
false,1575,VOJrDH,11,1992-11-31
false,1431,lCDnns,19,1995-02-07
true,347,rTAMCz,9,1994-02-01
true,1232,axOLvP,17,1990-09-15
true,157,dslQuV,19,1992-02-14
true,541,Jyohmx,19,1992-07-01
false,1102,ATgkjb,9,1995-08-17
false,658,jBBjUK,23,1991-01-22
false,498,HQZavu,1,1995-01-05
false,1807,DauOKd,10,1992-07-30
false,213,slnoQE,21,1998-03-01
true,1786,gczOBq,3,1990-04-07
true,1677,csFYMm,3,1990-11-12
true,866,mahiVI,23,1994-07-04
false,898,AgKeoj,12,1995-07-10
true,1720,jubHoS,5,2000-05-23
true,487,zKhEyX,22,1997-06-03
true,1002,KyIbms,10,1997-04-27
true,604,iYaViX,15,1996-07-28
false,1241,AQnpHa,24,1999-08-13
false,1122,Hafysz,8,1995-07-06
false,523,VSxaWG,7,1998-07-06
true,402,tgmIXb,21,1998-12-15
false,1900,VdHNTU,17,1998-09-08
true,1237,WfXkCd,2,1995-02-24
false,1160,OMoTiu,23,1998-07-12
true,569,uUPVCs,17,1996-05-21
false,394,lYejUa,19,1996-10-11
true,1521,AsAUNi,13,1991-09-11
true,679,FAWqmn,14,1998-12-29
true,979,HBeGyG,5,1996-11-02
true,609,NomLgH,3,1990-03-23
false,1378,CXCxzO,6,1993-02-08
true,1523,OMvvGL,4,1995-11-29
true,535,GUHHHz,21,1999-05-17
false,191,mJqoEQ,1,2000-08-22
false,1850,gSvqTC,22,1998-12-22
true,568,ColLos,8,1991-07-15
false,1606,JKnwRX,10,1993-02-27
false,421,GWUQru,9,2000-02-27
false,1789,OPacJu,13,1999-04-02
false,555,pvziUD,17,1990-07-09
false,390,xUcYxA,2,1999-01-24
true,465,lRSAaI,23,1991-05-01
false,1685,XpvxRR,8,1994-01-17
true,1974,jpfuGf,10,1990-05-22
false,1412,XWzbCw,12,1990-05-28
false,780,HldyZe,4,1997-02-02
false,1593,NnJZoU,17,1996-04-09
true,768,BiclmS,7,1991-05-30
false,219,NyxviA,19,1993-03-02
false,1645,mIlKeC,7,1993-10-01
true,683,ySsnLY,8,1997-12-08
true,574,RXZDyb,24,1999-06-13
true,832,vDlooB,10,1997-02-27
false,695,XCVEbg,5,1995-01-28
false,1225,syxMSA,20,1992-06-29
true,589,HFgpwt,24,1992-03-28
false,1326,FskUoX,13,1991-01-13
false,1403,TXCJuK,8,1998-12-07
false,1577,JQkycM,7,1992-01-10
true,1852,ZeRXyF,12,1993-10-22
true,662,gSLcLp,10,1991-11-11
false,1123,RpifET,13,2000-08-24
false,402,scFgnw,14,1995-09-06
true,514,ZbnHQz,12,2000-03-10
true,130,GUturF,22,1996-03-12
false,828,XLPPEN,21,2000-04-09
true,403,sTToCd,6,1997-07-30
true,1027,ySLRrG,14,1995-10-19
false,617,dUIubL,11,1990-12-02
false,1797,LPFYBZ,8,1991-07-21
false,1056,ODXvXZ,6,1998-05-28
false,1853,IcjIeU,20,1995-09-31
true,1160,iLqGus,7,1992-09-07
false,1048,LszygD,3,1991-04-28
false,320,ykYZRq,1,1998-11-12
true,562,JdiorU,14,1998-10-09
false,1610,xUvyJW,21,1998-06-02
false,246,deRsFU,8,1999-12-06
true,1813,oyqcAt,5,1992-03-02
false,1170,bzqIKu,23,1996-05-21
true,1064,JTNBBz,20,1992-11-30
true,1341,pDUxGZ,5,1998-03-21
false,1729,EIzgYK,1,1992-04-24
true,243,ifFxUB,12,1991-12-25
false,1652,wxyzyp,19,1999-11-27
false,730,MYdVQf,11,2000-04-30
false,1045,CVpbtb,17,1994-05-14
false,1197,YgYNcF,5,1999-02-16
false,431,xPqWId,7,1993-08-16
true,330,acBPXA,24,1996-11-29
true,1357,ZXmXRC,24,1991-10-19
false,471,GcRlla,2,1992-04-21
false,883,HcjnXt,16,1991-12-23
true,1543,zLDPHR,22,1998-05-16
false,1735,xWttkm,13,1995-08-01
true,1926,nRMkEr,12,1992-07-31
false,514,KslFaf,24,1994-07-12
false,1303,fjWttZ,23,2000-10-15
false,167,rYHfnN,4,1993-01-31
true,1684,npgWYX,1,1995-01-28
false,1379,YkajjN,20,1997-02-11
true,550,SkMvmk,1,1996-03-08
true,1031,KGKqER,23,1990-03-05
false,685,DkjCzo,20,1996-01-10
true,1720,OxGGrE,17,1996-01-06
false,924,AVkUfS,8,1998-05-21
false,183,pyyMyn,19,2000-04-12
true,158,eBfMrp,2,1994-07-06
true,1477,nDnxUE,21,1999-10-05
false,1027,DTHKIx,12,1990-09-27
false,1008,wmkjNH,8,1991-11-15
false,1029,VFjmak,5,1997-09-29
true,901,BIYtEw,23,1999-02-13
false,1424,IccySF,6,1992-04-20
true,590,FPQRoK,9,1990-08-12
false,396,OLUgDA,18,1998-11-05
true,205,SYAJKF,15,2000-05-04
true,623,mClZJy,21,2000-03-16
true,1702,falzPD,15,1992-08-28
true,1365,bboUkH,10,1990-08-14
true,801,wElAsL,24,1996-11-14
true,228,OBsvZo,17,1991-07-05
true,767,VfpLzs,17,2000-08-01
false,954,XgEDCX,22,1999-07-03
true,1110,vRWMlE,23,1993-11-08
false,1056,JrHdTq,11,1999-02-24
false,349,XECCXH,7,1992-03-13
false,537,hnIWCk,10,1996-02-28
true,1953,yDOARG,2,1990-07-14
false,417,FgtdNZ,10,1998-06-23
true,143,lyaCNR,21,1995-07-03
true,641,Hbtheh,20,1995-10-20
false,1856,MAefvc,15,1996-09-03
false,1493,NIccyP,4,1990-04-14
true,784,oCzfOQ,1,1997-07-15
